word_index,word,word_phrase,senses,gold_image,gold_pos,gold_sense,prompt
119,drama,'style' is a hypernym of the specific sense of 'drama'.,"{""n"": [""a dramatic work intended for performance by actors on a stage"", ""an episode that is turbulent or highly emotional"", ""the literary genre of works intended for the theater"", ""the quality of being arresting or highly emotional""]}",image.525.jpg,n,1.0,"the noun 'drama' that can be interpreted as:
 1. a dramatic work intended for performance by actors on a stage
 2. an episode that is turbulent or highly emotional
 3. the literary genre of works intended for the theater
 4. the quality of being arresting or highly emotional
---
Generate a natural ambiguous sentence using polysemous word 'drama' once so that the sentence can be interpreted in more than one meaning.
In the generated sentence, the noun 'drama' should be interpreted as 'a dramatic work intended for performance by actors on a stage'. However, the sentence should not imply any of the given definitions too strongly. The sentence should be natural and commonly used in daily life.
Suggest your final sentence in the format 'Generated Sentence: [your sentence]'. Do not include any explanation, and end your generation after providing the sentence."
238,core,'ram' is a hypernym of the specific sense of 'core'.,"{""n"": [""a small group of indispensable persons or things"", ""the center of an object"", ""the central part of the Earth"", ""the choicest or most essential or most vital part of some idea or experience"", ""a cylindrical sample of soil or rock obtained with a hollow drill"", ""an organization founded by James Leonard Farmer in 1942 to work for racial equality"", ""the central meaning or theme of a speech or literary work"", ""(computer science) a tiny ferrite toroid formerly used in a random access memory to store one bit of data; now superseded by semiconductor memories"", ""the chamber of a nuclear reactor containing the fissile material where the reaction takes place"", ""a bar of magnetic material (as soft iron) that passes through a coil and serves to increase the inductance of the coil""], ""v"": [""remove the core or center from""]}",image.51.jpg,n,2.0,"the noun 'core' that can be interpreted as:
 1. a small group of indispensable persons or things
 2. the center of an object
 3. the central part of the Earth
 4. the choicest or most essential or most vital part of some idea or experience
 5. a cylindrical sample of soil or rock obtained with a hollow drill
 6. an organization founded by James Leonard Farmer in 1942 to work for racial equality
 7. the central meaning or theme of a speech or literary work
 8. (computer science) a tiny ferrite toroid formerly used in a random access memory to store one bit of data; now superseded by semiconductor memories
 9. the chamber of a nuclear reactor containing the fissile material where the reaction takes place
 10. a bar of magnetic material (as soft iron) that passes through a coil and serves to increase the inductance of the coil
---
Generate a natural ambiguous sentence using polysemous word 'core' once so that the sentence can be interpreted in more than one meaning.
In the generated sentence, the noun 'core' should be interpreted as 'the center of an object'. However, the sentence should not imply any of the given definitions too strongly. The sentence should be natural and commonly used in daily life.
Suggest your final sentence in the format 'Generated Sentence: [your sentence]'. Do not include any explanation, and end your generation after providing the sentence."
246,happiness,'feeling' is a hypernym of the specific sense of 'happiness'.,"{""n"": [""state of well-being characterized by emotions ranging from contentment to intense joy"", ""emotions experienced when in a state of well-being""]}",image.3487.jpg,n,2.0,"the noun 'happiness' that can be interpreted as:
 1. state of well-being characterized by emotions ranging from contentment to intense joy
 2. emotions experienced when in a state of well-being
---
Generate a natural ambiguous sentence using polysemous word 'happiness' once so that the sentence can be interpreted in more than one meaning.
In the generated sentence, the noun 'happiness' should be interpreted as 'emotions experienced when in a state of well-being'. However, the sentence should not imply any of the given definitions too strongly. The sentence should be natural and commonly used in daily life.
Suggest your final sentence in the format 'Generated Sentence: [your sentence]'. Do not include any explanation, and end your generation after providing the sentence."
319,cisco,'whitefish' is a hypernym of the specific sense of 'cisco'.,"{""n"": [""cold-water fish caught in Lake Superior and northward"", ""important food fish of cold deep lakes of North America""]}",image.4368.jpg,n,2.0,"the noun 'cisco' that can be interpreted as:
 1. cold-water fish caught in Lake Superior and northward
 2. important food fish of cold deep lakes of North America
---
Generate a natural ambiguous sentence using polysemous word 'cisco' once so that the sentence can be interpreted in more than one meaning.
In the generated sentence, the noun 'cisco' should be interpreted as 'important food fish of cold deep lakes of North America'. However, the sentence should not imply any of the given definitions too strongly. The sentence should be natural and commonly used in daily life.
Suggest your final sentence in the format 'Generated Sentence: [your sentence]'. Do not include any explanation, and end your generation after providing the sentence."
385,reflexion,'similitude' is a hypernym of the specific sense of 'reflexion'.,"{""n"": [""the phenomenon of a propagating wave (light or sound) being thrown back from a surface"", ""expression without words"", ""a remark expressing careful consideration"", ""a calm, lengthy, intent consideration"", ""the ability to reflect beams or rays"", ""a likeness in which left and right are reversed"", ""the image of something as reflected by a mirror (or other reflective material)""]}",image.5069.jpg,n,7.0,"the noun 'reflexion' that can be interpreted as:
 1. the phenomenon of a propagating wave (light or sound) being thrown back from a surface
 2. expression without words
 3. a remark expressing careful consideration
 4. a calm, lengthy, intent consideration
 5. the ability to reflect beams or rays
 6. a likeness in which left and right are reversed
 7. the image of something as reflected by a mirror (or other reflective material)
---
Generate a natural ambiguous sentence using polysemous word 'reflexion' once so that the sentence can be interpreted in more than one meaning.
In the generated sentence, the noun 'reflexion' should be interpreted as 'the image of something as reflected by a mirror (or other reflective material)'. However, the sentence should not imply any of the given definitions too strongly. The sentence should be natural and commonly used in daily life.
Suggest your final sentence in the format 'Generated Sentence: [your sentence]'. Do not include any explanation, and end your generation after providing the sentence."
392,linebacker,'back' is a hypernym of the specific sense of 'linebacker'.,"{""n"": [""a defensive football player who takes a position close behind the linemen"", ""(American football) the position of a defensive football player who plays close behind the line of scrimmage""]}",image.5145.jpg,n,2.0,"the noun 'linebacker' that can be interpreted as:
 1. a defensive football player who takes a position close behind the linemen
 2. (American football) the position of a defensive football player who plays close behind the line of scrimmage
---
Generate a natural ambiguous sentence using polysemous word 'linebacker' once so that the sentence can be interpreted in more than one meaning.
In the generated sentence, the noun 'linebacker' should be interpreted as '(American football) the position of a defensive football player who plays close behind the line of scrimmage'. However, the sentence should not imply any of the given definitions too strongly. The sentence should be natural and commonly used in daily life.
Suggest your final sentence in the format 'Generated Sentence: [your sentence]'. Do not include any explanation, and end your generation after providing the sentence."
418,groom,'hand' is a hypernym of the specific sense of 'groom'.,"{""n"": [""a man participant in his own marriage ceremony"", ""someone employed in a stable to take care of the horses"", ""a man who has recently been married""], ""v"": [""educate for a future role or function"", ""give a neat appearance to"", ""care for one's external appearance""]}",image.5417.jpg,v,3.0,"the verb 'groom' that can be interpreted as:
 1. educate for a future role or function
 2. give a neat appearance to
 3. care for one's external appearance
---
Generate a natural ambiguous sentence using polysemous word 'groom' once so that the sentence can be interpreted in more than one meaning.
In the generated sentence, the verb 'groom' should be interpreted as 'care for one's external appearance'. However, the sentence should not imply any of the given definitions too strongly. The sentence should be natural and commonly used in daily life.
Suggest your final sentence in the format 'Generated Sentence: [your sentence]'. Do not include any explanation, and end your generation after providing the sentence."
481,whip,'beat' is a hypernym of the specific sense of 'whip'.,"{""n"": [""an instrument with a handle and a flexible lash that is used for whipping"", ""a legislator appointed by the party to enforce discipline"", ""a dessert made of sugar and stiffly beaten egg whites or cream and usually flavored with fruit"", ""(golf) the flexibility of the shaft of a golf club"", ""a quick blow delivered with a whip or whiplike object""], ""v"": [""beat severely with a whip or rod"", ""defeat thoroughly"", ""thrash about flexibly in the manner of a whiplash"", ""strike as if by whipping"", ""whip with or as if with a wire whisk"", ""subject to harsh criticism""]}",image.6017.jpg,v,4.0,"the verb 'whip' that can be interpreted as:
 1. beat severely with a whip or rod
 2. defeat thoroughly
 3. thrash about flexibly in the manner of a whiplash
 4. strike as if by whipping
 5. whip with or as if with a wire whisk
 6. subject to harsh criticism
---
Generate a natural ambiguous sentence using polysemous word 'whip' once so that the sentence can be interpreted in more than one meaning.
In the generated sentence, the verb 'whip' should be interpreted as 'strike as if by whipping'. However, the sentence should not imply any of the given definitions too strongly. The sentence should be natural and commonly used in daily life.
Suggest your final sentence in the format 'Generated Sentence: [your sentence]'. Do not include any explanation, and end your generation after providing the sentence."
528,yolk,'ingredient' is a hypernym of the specific sense of 'yolk'.,"{""n"": [""the yellow spherical part of an egg that is surrounded by the albumen"", ""nutritive material of an ovum stored for the nutrition of an embryo (especially the yellow mass of a bird or reptile egg)""]}",image.6425.jpg,n,2.0,"the noun 'yolk' that can be interpreted as:
 1. the yellow spherical part of an egg that is surrounded by the albumen
 2. nutritive material of an ovum stored for the nutrition of an embryo (especially the yellow mass of a bird or reptile egg)
---
Generate a natural ambiguous sentence using polysemous word 'yolk' once so that the sentence can be interpreted in more than one meaning.
In the generated sentence, the noun 'yolk' should be interpreted as 'nutritive material of an ovum stored for the nutrition of an embryo (especially the yellow mass of a bird or reptile egg)'. However, the sentence should not imply any of the given definitions too strongly. The sentence should be natural and commonly used in daily life.
Suggest your final sentence in the format 'Generated Sentence: [your sentence]'. Do not include any explanation, and end your generation after providing the sentence."
585,strawberry,'herb' is a hypernym of the specific sense of 'strawberry'.,"{""n"": [""sweet fleshy red fruit"", ""any of various low perennial herbs with many runners and bearing white flowers followed by edible fruits having many small achenes scattered on the surface of an enlarged red pulpy berry"", ""a soft red birthmark""]}",image.6927.jpg,n,1.0,"the noun 'strawberry' that can be interpreted as:
 1. sweet fleshy red fruit
 2. any of various low perennial herbs with many runners and bearing white flowers followed by edible fruits having many small achenes scattered on the surface of an enlarged red pulpy berry
 3. a soft red birthmark
---
Generate a natural ambiguous sentence using polysemous word 'strawberry' once so that the sentence can be interpreted in more than one meaning.
In the generated sentence, the noun 'strawberry' should be interpreted as 'sweet fleshy red fruit'. However, the sentence should not imply any of the given definitions too strongly. The sentence should be natural and commonly used in daily life.
Suggest your final sentence in the format 'Generated Sentence: [your sentence]'. Do not include any explanation, and end your generation after providing the sentence."
609,breadfruit,'fruittree' is a hypernym of the specific sense of 'breadfruit'.,"{""n"": [""native to Pacific islands and having edible fruit with a texture like bread"", ""a large round seedless or seeded fruit with a texture like bread; eaten boiled or baked or roasted or ground into flour; the roasted seeds resemble chestnuts""]}",image.7103.jpg,n,2.0,"the noun 'breadfruit' that can be interpreted as:
 1. native to Pacific islands and having edible fruit with a texture like bread
 2. a large round seedless or seeded fruit with a texture like bread; eaten boiled or baked or roasted or ground into flour; the roasted seeds resemble chestnuts
---
Generate a natural ambiguous sentence using polysemous word 'breadfruit' once so that the sentence can be interpreted in more than one meaning.
In the generated sentence, the noun 'breadfruit' should be interpreted as 'a large round seedless or seeded fruit with a texture like bread; eaten boiled or baked or roasted or ground into flour; the roasted seeds resemble chestnuts'. However, the sentence should not imply any of the given definitions too strongly. The sentence should be natural and commonly used in daily life.
Suggest your final sentence in the format 'Generated Sentence: [your sentence]'. Do not include any explanation, and end your generation after providing the sentence."
724,cherry,'fruittree' is a hypernym of the specific sense of 'cherry'.,"{""n"": [""wood of any of various cherry trees especially the black cherry"", ""any of numerous trees and shrubs producing a small fleshy round fruit with a single hard stone; many also produce a valuable hardwood"", ""a red fruit with a single hard stone"", ""a red the color of ripe cherries""], ""a"": [""of a color at the end of the color spectrum (next to orange); resembling the color of blood or cherries or tomatoes or rubies""]}",image.7953.jpg,n,2.0,"the noun 'cherry' that can be interpreted as:
 1. wood of any of various cherry trees especially the black cherry
 2. any of numerous trees and shrubs producing a small fleshy round fruit with a single hard stone; many also produce a valuable hardwood
 3. a red fruit with a single hard stone
 4. a red the color of ripe cherries
---
Generate a natural ambiguous sentence using polysemous word 'cherry' once so that the sentence can be interpreted in more than one meaning.
In the generated sentence, the noun 'cherry' should be interpreted as 'any of numerous trees and shrubs producing a small fleshy round fruit with a single hard stone; many also produce a valuable hardwood'. However, the sentence should not imply any of the given definitions too strongly. The sentence should be natural and commonly used in daily life.
Suggest your final sentence in the format 'Generated Sentence: [your sentence]'. Do not include any explanation, and end your generation after providing the sentence."
818,assault,'offence' is a hypernym of the specific sense of 'assault'.,"{""n"": [""close fighting during the culmination of a military attack"", ""a threatened or attempted physical attack by someone who appears to be able to cause bodily harm if not stopped"", ""thoroughbred that won the triple crown in 1946"", ""the crime of forcing a woman to submit to sexual intercourse against her will""], ""v"": [""attack someone physically or emotionally"", ""force (someone) to have sex against their will"", ""attack in speech or writing""]}",image.8574.jpg,v,1.0,"the verb 'assault' that can be interpreted as:
 1. attack someone physically or emotionally
 2. force (someone) to have sex against their will
 3. attack in speech or writing
---
Generate a natural ambiguous sentence using polysemous word 'assault' once so that the sentence can be interpreted in more than one meaning.
In the generated sentence, the verb 'assault' should be interpreted as 'attack someone physically or emotionally'. However, the sentence should not imply any of the given definitions too strongly. The sentence should be natural and commonly used in daily life.
Suggest your final sentence in the format 'Generated Sentence: [your sentence]'. Do not include any explanation, and end your generation after providing the sentence."
828,celebrity,'personage' is a hypernym of the specific sense of 'celebrity'.,"{""n"": [""a widely known person"", ""the state or quality of being widely honored and acclaimed""]}",image.8644.jpg,n,2.0,"the noun 'celebrity' that can be interpreted as:
 1. a widely known person
 2. the state or quality of being widely honored and acclaimed
---
Generate a natural ambiguous sentence using polysemous word 'celebrity' once so that the sentence can be interpreted in more than one meaning.
In the generated sentence, the noun 'celebrity' should be interpreted as 'the state or quality of being widely honored and acclaimed'. However, the sentence should not imply any of the given definitions too strongly. The sentence should be natural and commonly used in daily life.
Suggest your final sentence in the format 'Generated Sentence: [your sentence]'. Do not include any explanation, and end your generation after providing the sentence."
861,renting,'transaction' is a hypernym of the specific sense of 'renting'.,"{""n"": [""the act of paying for the use of something (as an apartment or house or car)""], ""v"": [""let for money"", ""grant use or occupation of under a term of contract"", ""engage for service under a term of contract"", ""hold under a lease or rental agreement; of goods and services""]}",image.6711.jpg,v,2.0,"the verb 'renting' that can be interpreted as:
 1. let for money
 2. grant use or occupation of under a term of contract
 3. engage for service under a term of contract
 4. hold under a lease or rental agreement; of goods and services
---
Generate a natural ambiguous sentence using polysemous word 'renting' once so that the sentence can be interpreted in more than one meaning.
In the generated sentence, the verb 'renting' should be interpreted as 'grant use or occupation of under a term of contract'. However, the sentence should not imply any of the given definitions too strongly. The sentence should be natural and commonly used in daily life.
Suggest your final sentence in the format 'Generated Sentence: [your sentence]'. Do not include any explanation, and end your generation after providing the sentence."
862,news,'program' is a hypernym of the specific sense of 'news'.,"{""n"": [""information about recent and important events"", ""information reported in a newspaper or news magazine"", ""a program devoted to current events, often using interviews and commentary"", ""informal information of any kind that is not previously known to someone"", ""the quality of being sufficiently interesting to be reported in news bulletins""]}",image.5908.jpg,n,3.0,"the noun 'news' that can be interpreted as:
 1. information about recent and important events
 2. information reported in a newspaper or news magazine
 3. a program devoted to current events, often using interviews and commentary
 4. informal information of any kind that is not previously known to someone
 5. the quality of being sufficiently interesting to be reported in news bulletins
---
Generate a natural ambiguous sentence using polysemous word 'news' once so that the sentence can be interpreted in more than one meaning.
In the generated sentence, the noun 'news' should be interpreted as 'a program devoted to current events, often using interviews and commentary'. However, the sentence should not imply any of the given definitions too strongly. The sentence should be natural and commonly used in daily life.
Suggest your final sentence in the format 'Generated Sentence: [your sentence]'. Do not include any explanation, and end your generation after providing the sentence."
888,pack,'encase' is a hypernym of the specific sense of 'pack'.,"{""n"": [""a large indefinite number"", ""a complete collection of similar things"", ""a convenient package or parcel (as of cigarettes or film)"", ""an association of criminals"", ""an exclusive circle of people with a common purpose"", ""a group of hunting animals"", ""a cream that cleanses and tones the skin"", ""a sheet or blanket (either dry or wet) to wrap around the body for its therapeutic effect"", ""a bundle (especially one carried on the back)""], ""v"": [""arrange in a container"", ""fill to capacity"", ""compress into a wad"", ""carry, as on one's back"", ""set up a committee or legislative body with one's own supporters so as to influence the outcome"", ""have with oneself; have on one's person"", ""press tightly together or cram"", ""hike with a backpack"", ""press down tightly"", ""seal with packing"", ""have the property of being packable or of compacting easily"", ""load with a pack"", ""treat the body or any part of it by wrapping it, as with blankets or sheets, and applying compresses to it, or stuffing it to provide cover, containment, or therapy, or to absorb blood""]}",image.9028.jpg,v,1.0,"the verb 'pack' that can be interpreted as:
 1. arrange in a container
 2. fill to capacity
 3. compress into a wad
 4. carry, as on one's back
 5. set up a committee or legislative body with one's own supporters so as to influence the outcome
 6. have with oneself; have on one's person
 7. press tightly together or cram
 8. hike with a backpack
 9. press down tightly
 10. seal with packing
 11. have the property of being packable or of compacting easily
 12. load with a pack
 13. treat the body or any part of it by wrapping it, as with blankets or sheets, and applying compresses to it, or stuffing it to provide cover, containment, or therapy, or to absorb blood
---
Generate a natural ambiguous sentence using polysemous word 'pack' once so that the sentence can be interpreted in more than one meaning.
In the generated sentence, the verb 'pack' should be interpreted as 'arrange in a container'. However, the sentence should not imply any of the given definitions too strongly. The sentence should be natural and commonly used in daily life.
Suggest your final sentence in the format 'Generated Sentence: [your sentence]'. Do not include any explanation, and end your generation after providing the sentence."
1031,mahayana,'buddhism' is a hypernym of the specific sense of 'mahayana'.,"{""n"": [""a major school of Buddhism teaching social concern and universal salvation; China; Japan; Tibet; Nepal; Korea; Mongolia"", ""one of two great schools of Buddhist doctrine emphasizing a common search for universal salvation especially through faith alone; the dominant religion of China and Tibet and Japan""]}",image.9822.jpg,n,2.0,"the noun 'mahayana' that can be interpreted as:
 1. a major school of Buddhism teaching social concern and universal salvation; China; Japan; Tibet; Nepal; Korea; Mongolia
 2. one of two great schools of Buddhist doctrine emphasizing a common search for universal salvation especially through faith alone; the dominant religion of China and Tibet and Japan
---
Generate a natural ambiguous sentence using polysemous word 'mahayana' once so that the sentence can be interpreted in more than one meaning.
In the generated sentence, the noun 'mahayana' should be interpreted as 'one of two great schools of Buddhist doctrine emphasizing a common search for universal salvation especially through faith alone; the dominant religion of China and Tibet and Japan'. However, the sentence should not imply any of the given definitions too strongly. The sentence should be natural and commonly used in daily life.
Suggest your final sentence in the format 'Generated Sentence: [your sentence]'. Do not include any explanation, and end your generation after providing the sentence."
1056,belligerency,'combat' is a hypernym of the specific sense of 'belligerency'.,"{""n"": [""hostile or warlike attitude or nature"", ""fighting; acts of overt warfare""]}",image.247.jpg,n,2.0,"the noun 'belligerency' that can be interpreted as:
 1. hostile or warlike attitude or nature
 2. fighting; acts of overt warfare
---
Generate a natural ambiguous sentence using polysemous word 'belligerency' once so that the sentence can be interpreted in more than one meaning.
In the generated sentence, the noun 'belligerency' should be interpreted as 'fighting; acts of overt warfare'. However, the sentence should not imply any of the given definitions too strongly. The sentence should be natural and commonly used in daily life.
Suggest your final sentence in the format 'Generated Sentence: [your sentence]'. Do not include any explanation, and end your generation after providing the sentence."
1115,conducting,'management' is a hypernym of the specific sense of 'conducting'.,"{""n"": [""the way of administering a business"", ""the direction of an orchestra or choir""], ""v"": [""direct the course of; manage or control"", ""lead, as in the performance of a composition"", ""behave in a certain manner"", ""take somebody somewhere"", ""transmit or serve as the medium for transmission"", ""lead musicians in the performance of""]}",image.1554.jpg,v,6.0,"the verb 'conducting' that can be interpreted as:
 1. direct the course of; manage or control
 2. lead, as in the performance of a composition
 3. behave in a certain manner
 4. take somebody somewhere
 5. transmit or serve as the medium for transmission
 6. lead musicians in the performance of
---
Generate a natural ambiguous sentence using polysemous word 'conducting' once so that the sentence can be interpreted in more than one meaning.
In the generated sentence, the verb 'conducting' should be interpreted as 'lead musicians in the performance of'. However, the sentence should not imply any of the given definitions too strongly. The sentence should be natural and commonly used in daily life.
Suggest your final sentence in the format 'Generated Sentence: [your sentence]'. Do not include any explanation, and end your generation after providing the sentence."
1154,side,'dish' is a hypernym of the specific sense of 'side'.,"{""n"": [""a place within a region identified relative to a center or reference location"", ""one of two or more contesting groups"", ""either the left or right half of a body"", ""a surface forming part of the outside of an object"", ""an extended outer surface of an object"", ""an aspect of something (as contrasted with some other implied aspect)"", ""a line segment forming part of the perimeter of a plane figure"", ""a family line of descent"", ""a lengthwise dressed half of an animal's carcass used for food"", ""an opinion that is held in opposition to another in an argument or dispute"", ""an elevated geological formation"", ""(sports) the spin given to a ball by striking it on one side or releasing it with a sharp twist""], ""v"": [""take sides for or against; ; m siding against the current candidate\""""], ""a"": [""located on a side""]}",image.10435.jpg,n,9.0,"the noun 'side' that can be interpreted as:
 1. a place within a region identified relative to a center or reference location
 2. one of two or more contesting groups
 3. either the left or right half of a body
 4. a surface forming part of the outside of an object
 5. an extended outer surface of an object
 6. an aspect of something (as contrasted with some other implied aspect)
 7. a line segment forming part of the perimeter of a plane figure
 8. a family line of descent
 9. a lengthwise dressed half of an animal's carcass used for food
 10. an opinion that is held in opposition to another in an argument or dispute
 11. an elevated geological formation
 12. (sports) the spin given to a ball by striking it on one side or releasing it with a sharp twist
---
Generate a natural ambiguous sentence using polysemous word 'side' once so that the sentence can be interpreted in more than one meaning.
In the generated sentence, the noun 'side' should be interpreted as 'a lengthwise dressed half of an animal's carcass used for food'. However, the sentence should not imply any of the given definitions too strongly. The sentence should be natural and commonly used in daily life.
Suggest your final sentence in the format 'Generated Sentence: [your sentence]'. Do not include any explanation, and end your generation after providing the sentence."
1174,corner,'kick' is a hypernym of the specific sense of 'corner'.,"{""n"": [""a place off to the side of an area"", ""the point where two lines meet or intersect"", ""an interior angle formed by two meeting walls"", ""the intersection of two streets"", ""the point where three areas or surfaces meet or intersect"", ""a small concavity"", ""a temporary monopoly on a kind of commercial trade"", ""a predicament from which a skillful or graceful escape is impossible"", ""a projecting part where two sides or edges meet"", ""a remote area"", ""(architecture) solid exterior angle of a building; especially one formed by a cornerstone""], ""v"": [""gain control over"", ""force a person or an animal into a position from which he cannot escape"", ""turn a corner""]}",image.4662.jpg,n,1.0,"the noun 'corner' that can be interpreted as:
 1. a place off to the side of an area
 2. the point where two lines meet or intersect
 3. an interior angle formed by two meeting walls
 4. the intersection of two streets
 5. the point where three areas or surfaces meet or intersect
 6. a small concavity
 7. a temporary monopoly on a kind of commercial trade
 8. a predicament from which a skillful or graceful escape is impossible
 9. a projecting part where two sides or edges meet
 10. a remote area
 11. (architecture) solid exterior angle of a building; especially one formed by a cornerstone
---
Generate a natural ambiguous sentence using polysemous word 'corner' once so that the sentence can be interpreted in more than one meaning.
In the generated sentence, the noun 'corner' should be interpreted as 'a place off to the side of an area'. However, the sentence should not imply any of the given definitions too strongly. The sentence should be natural and commonly used in daily life.
Suggest your final sentence in the format 'Generated Sentence: [your sentence]'. Do not include any explanation, and end your generation after providing the sentence."
1210,merger,'union' is a hypernym of the specific sense of 'merger'.,"{""n"": [""the combination of two or more commercial companies"", ""an occurrence that involves the production of a union""]}",image.9309.jpg,n,2.0,"the noun 'merger' that can be interpreted as:
 1. the combination of two or more commercial companies
 2. an occurrence that involves the production of a union
---
Generate a natural ambiguous sentence using polysemous word 'merger' once so that the sentence can be interpreted in more than one meaning.
In the generated sentence, the noun 'merger' should be interpreted as 'an occurrence that involves the production of a union'. However, the sentence should not imply any of the given definitions too strongly. The sentence should be natural and commonly used in daily life.
Suggest your final sentence in the format 'Generated Sentence: [your sentence]'. Do not include any explanation, and end your generation after providing the sentence."
1255,footwear,'covering' is a hypernym of the specific sense of 'footwear'.,"{""n"": [""clothing worn on a person's feet"", ""covering for a person's feet""]}",image.7600.jpg,n,2.0,"the noun 'footwear' that can be interpreted as:
 1. clothing worn on a person's feet
 2. covering for a person's feet
---
Generate a natural ambiguous sentence using polysemous word 'footwear' once so that the sentence can be interpreted in more than one meaning.
In the generated sentence, the noun 'footwear' should be interpreted as 'covering for a person's feet'. However, the sentence should not imply any of the given definitions too strongly. The sentence should be natural and commonly used in daily life.
Suggest your final sentence in the format 'Generated Sentence: [your sentence]'. Do not include any explanation, and end your generation after providing the sentence."
1268,serve,'aid' is a hypernym of the specific sense of 'serve'.,"{""n"": [""(sports) a stroke that puts the ball in play""], ""v"": [""serve a purpose, role, or function"", ""do duty or hold offices; serve in a specific function"", ""contribute or conduce to"", ""be used by; as of a utility"", ""help to some food; help with food or drink"", ""provide (usually but not necessarily food)"", ""devote (part of) one's life or efforts to, as of countries, institutions, or ideas"", ""promote, benefit, or be useful or beneficial to"", ""spend time in prison or in a labor camp"", ""work for or be a servant to"", ""deliver a warrant or summons to someone"", ""be sufficient; be adequate, either in quality or quantity"", ""do military service"", ""mate with"", ""put the ball into play""]}",image.2719.jpg,v,1.0,"the verb 'serve' that can be interpreted as:
 1. serve a purpose, role, or function
 2. do duty or hold offices; serve in a specific function
 3. contribute or conduce to
 4. be used by; as of a utility
 5. help to some food; help with food or drink
 6. provide (usually but not necessarily food)
 7. devote (part of) one's life or efforts to, as of countries, institutions, or ideas
 8. promote, benefit, or be useful or beneficial to
 9. spend time in prison or in a labor camp
 10. work for or be a servant to
 11. deliver a warrant or summons to someone
 12. be sufficient; be adequate, either in quality or quantity
 13. do military service
 14. mate with
 15. put the ball into play
---
Generate a natural ambiguous sentence using polysemous word 'serve' once so that the sentence can be interpreted in more than one meaning.
In the generated sentence, the verb 'serve' should be interpreted as 'serve a purpose, role, or function'. However, the sentence should not imply any of the given definitions too strongly. The sentence should be natural and commonly used in daily life.
Suggest your final sentence in the format 'Generated Sentence: [your sentence]'. Do not include any explanation, and end your generation after providing the sentence."
1317,night,'period' is a hypernym of the specific sense of 'night'.,"{""n"": [""the time after sunset and before sunrise while it is dark outside"", ""a period of ignorance or backwardness or gloom"", ""the period spent sleeping"", ""the dark part of the diurnal cycle considered a time unit"", ""darkness"", ""a shortening of nightfall"", ""the time between sunset and midnight"", ""Roman goddess of night; daughter of Erebus; counterpart of Greek Nyx""]}",image.1181.jpg,n,1.0,"the noun 'night' that can be interpreted as:
 1. the time after sunset and before sunrise while it is dark outside
 2. a period of ignorance or backwardness or gloom
 3. the period spent sleeping
 4. the dark part of the diurnal cycle considered a time unit
 5. darkness
 6. a shortening of nightfall
 7. the time between sunset and midnight
 8. Roman goddess of night; daughter of Erebus; counterpart of Greek Nyx
---
Generate a natural ambiguous sentence using polysemous word 'night' once so that the sentence can be interpreted in more than one meaning.
In the generated sentence, the noun 'night' should be interpreted as 'the time after sunset and before sunrise while it is dark outside'. However, the sentence should not imply any of the given definitions too strongly. The sentence should be natural and commonly used in daily life.
Suggest your final sentence in the format 'Generated Sentence: [your sentence]'. Do not include any explanation, and end your generation after providing the sentence."
1398,laver,'chlorophyte' is a hypernym of the specific sense of 'laver'.,"{""n"": [""Australian tennis player who in 1962 was the second man to win the Australian and French and English and United States singles titles in the same year; in 1969 he repeated this feat (born in 1938)"", ""(Old Testament) large basin used by a priest in an ancient Jewish temple to perform ritual ablutions"", ""edible red seaweeds"", ""seaweed with edible translucent crinkly green fronds""]}",image.5023.jpg,n,4.0,"the noun 'laver' that can be interpreted as:
 1. Australian tennis player who in 1962 was the second man to win the Australian and French and English and United States singles titles in the same year; in 1969 he repeated this feat (born in 1938)
 2. (Old Testament) large basin used by a priest in an ancient Jewish temple to perform ritual ablutions
 3. edible red seaweeds
 4. seaweed with edible translucent crinkly green fronds
---
Generate a natural ambiguous sentence using polysemous word 'laver' once so that the sentence can be interpreted in more than one meaning.
In the generated sentence, the noun 'laver' should be interpreted as 'seaweed with edible translucent crinkly green fronds'. However, the sentence should not imply any of the given definitions too strongly. The sentence should be natural and commonly used in daily life.
Suggest your final sentence in the format 'Generated Sentence: [your sentence]'. Do not include any explanation, and end your generation after providing the sentence."
1434,hasidism,'orthodoxy' is a hypernym of the specific sense of 'hasidism'.,"{""n"": [""a sect of Orthodox Jews that arose out of a pietistic movement originating in eastern Europe in the second half of the 18th century; a sect that follows the Mosaic law strictly"", ""beliefs and practices of a sect of Orthodox Jews""]}",image.11555.jpg,n,2.0,"the noun 'hasidism' that can be interpreted as:
 1. a sect of Orthodox Jews that arose out of a pietistic movement originating in eastern Europe in the second half of the 18th century; a sect that follows the Mosaic law strictly
 2. beliefs and practices of a sect of Orthodox Jews
---
Generate a natural ambiguous sentence using polysemous word 'hasidism' once so that the sentence can be interpreted in more than one meaning.
In the generated sentence, the noun 'hasidism' should be interpreted as 'beliefs and practices of a sect of Orthodox Jews'. However, the sentence should not imply any of the given definitions too strongly. The sentence should be natural and commonly used in daily life.
Suggest your final sentence in the format 'Generated Sentence: [your sentence]'. Do not include any explanation, and end your generation after providing the sentence."
1494,shock,'alarm' is a hypernym of the specific sense of 'shock'.,"{""n"": [""the feeling of distress and disbelief that you have when something bad happens accidentally"", ""the violent interaction of individuals or groups entering into combat"", ""a reflex response to the passage of electric current through the body"", ""(pathology) bodily collapse or near collapse caused by inadequate oxygen delivery to the cells; characterized by reduced cardiac output and rapid heartbeat and circulatory insufficiency and pallor"", ""an instance of agitation of the earth's crust"", ""an unpleasant or disappointing surprise"", ""a pile of sheaves of grain set on end in a field to dry; stalks of Indian corn set up in a field"", ""a bushy thick mass (especially hair)"", ""a sudden jarring impact"", ""a mechanical damper; absorbs energy of sudden impulses""], ""v"": [""surprise greatly; knock someone's socks off"", ""strike with disgust or revulsion"", ""strike with horror or terror"", ""collide violently"", ""collect or gather into shocks"", ""subject to electrical shocks"", ""inflict a trauma upon""]}",image.4554.jpg,v,3.0,"the verb 'shock' that can be interpreted as:
 1. surprise greatly; knock someone's socks off
 2. strike with disgust or revulsion
 3. strike with horror or terror
 4. collide violently
 5. collect or gather into shocks
 6. subject to electrical shocks
 7. inflict a trauma upon
---
Generate a natural ambiguous sentence using polysemous word 'shock' once so that the sentence can be interpreted in more than one meaning.
In the generated sentence, the verb 'shock' should be interpreted as 'strike with horror or terror'. However, the sentence should not imply any of the given definitions too strongly. The sentence should be natural and commonly used in daily life.
Suggest your final sentence in the format 'Generated Sentence: [your sentence]'. Do not include any explanation, and end your generation after providing the sentence."
1498,spinet,'harpsichord' is a hypernym of the specific sense of 'spinet'.,"{""n"": [""a small and compactly built upright piano"", ""early model harpsichord with only one string per note""]}",image.11773.jpg,n,1.0,"the noun 'spinet' that can be interpreted as:
 1. a small and compactly built upright piano
 2. early model harpsichord with only one string per note
---
Generate a natural ambiguous sentence using polysemous word 'spinet' once so that the sentence can be interpreted in more than one meaning.
In the generated sentence, the noun 'spinet' should be interpreted as 'a small and compactly built upright piano'. However, the sentence should not imply any of the given definitions too strongly. The sentence should be natural and commonly used in daily life.
Suggest your final sentence in the format 'Generated Sentence: [your sentence]'. Do not include any explanation, and end your generation after providing the sentence."
1558,gear,'wheel' is a hypernym of the specific sense of 'gear'.,"{""n"": [""a toothed wheel that engages another toothed mechanism in order to change the speed or direction of transmitted motion"", ""wheelwork consisting of a connected set of rotating gears by which force is transmitted or motion or torque is changed"", ""a mechanism for transmitting motion for some specific purpose (as the steering gear of a vehicle)"", ""equipment consisting of miscellaneous articles needed for a particular operation or sport etc.""], ""v"": [""set the level or character of""]}",image.6061.jpg,n,2.0,"the noun 'gear' that can be interpreted as:
 1. a toothed wheel that engages another toothed mechanism in order to change the speed or direction of transmitted motion
 2. wheelwork consisting of a connected set of rotating gears by which force is transmitted or motion or torque is changed
 3. a mechanism for transmitting motion for some specific purpose (as the steering gear of a vehicle)
 4. equipment consisting of miscellaneous articles needed for a particular operation or sport etc.
---
Generate a natural ambiguous sentence using polysemous word 'gear' once so that the sentence can be interpreted in more than one meaning.
In the generated sentence, the noun 'gear' should be interpreted as 'wheelwork consisting of a connected set of rotating gears by which force is transmitted or motion or torque is changed'. However, the sentence should not imply any of the given definitions too strongly. The sentence should be natural and commonly used in daily life.
Suggest your final sentence in the format 'Generated Sentence: [your sentence]'. Do not include any explanation, and end your generation after providing the sentence."
1573,evaporate,'integrity' is a hypernym of the specific sense of 'evaporate'.,"{""v"": [""lose or cause to lose liquid by vaporization leaving a more concentrated residue"", ""cause to change into a vapor"", ""change into a vapor"", ""become less intense and fade away gradually""]}",image.5102.jpg,v,3.0,"the verb 'evaporate' that can be interpreted as:
 1. lose or cause to lose liquid by vaporization leaving a more concentrated residue
 2. cause to change into a vapor
 3. change into a vapor
 4. become less intense and fade away gradually
---
Generate a natural ambiguous sentence using polysemous word 'evaporate' once so that the sentence can be interpreted in more than one meaning.
In the generated sentence, the verb 'evaporate' should be interpreted as 'change into a vapor'. However, the sentence should not imply any of the given definitions too strongly. The sentence should be natural and commonly used in daily life.
Suggest your final sentence in the format 'Generated Sentence: [your sentence]'. Do not include any explanation, and end your generation after providing the sentence."
1583,epitaph,'inscription' is a hypernym of the specific sense of 'epitaph'.,"{""n"": [""an inscription on a tombstone or monument in memory of the person buried there"", ""a summary statement of commemoration for a dead person""]}",image.3337.jpg,n,2.0,"the noun 'epitaph' that can be interpreted as:
 1. an inscription on a tombstone or monument in memory of the person buried there
 2. a summary statement of commemoration for a dead person
---
Generate a natural ambiguous sentence using polysemous word 'epitaph' once so that the sentence can be interpreted in more than one meaning.
In the generated sentence, the noun 'epitaph' should be interpreted as 'a summary statement of commemoration for a dead person'. However, the sentence should not imply any of the given definitions too strongly. The sentence should be natural and commonly used in daily life.
Suggest your final sentence in the format 'Generated Sentence: [your sentence]'. Do not include any explanation, and end your generation after providing the sentence."
1600,gargoyle,'ornament' is a hypernym of the specific sense of 'gargoyle'.,"{""n"": [""a spout that terminates in a grotesquely carved figure of a person or animal"", ""an ornament consisting of a grotesquely carved figure of a person or animal""]}",image.12079.jpg,n,2.0,"the noun 'gargoyle' that can be interpreted as:
 1. a spout that terminates in a grotesquely carved figure of a person or animal
 2. an ornament consisting of a grotesquely carved figure of a person or animal
---
Generate a natural ambiguous sentence using polysemous word 'gargoyle' once so that the sentence can be interpreted in more than one meaning.
In the generated sentence, the noun 'gargoyle' should be interpreted as 'an ornament consisting of a grotesquely carved figure of a person or animal'. However, the sentence should not imply any of the given definitions too strongly. The sentence should be natural and commonly used in daily life.
Suggest your final sentence in the format 'Generated Sentence: [your sentence]'. Do not include any explanation, and end your generation after providing the sentence."
1605,confront,'encounter' is a hypernym of the specific sense of 'confront'.,"{""v"": [""oppose, as in hostility or a competition"", ""deal with (something unpleasant) head on"", ""present somebody with something, usually to accuse or criticize"", ""be face to face with""]}",image.3914.jpg,v,1.0,"the verb 'confront' that can be interpreted as:
 1. oppose, as in hostility or a competition
 2. deal with (something unpleasant) head on
 3. present somebody with something, usually to accuse or criticize
 4. be face to face with
---
Generate a natural ambiguous sentence using polysemous word 'confront' once so that the sentence can be interpreted in more than one meaning.
In the generated sentence, the verb 'confront' should be interpreted as 'oppose, as in hostility or a competition'. However, the sentence should not imply any of the given definitions too strongly. The sentence should be natural and commonly used in daily life.
Suggest your final sentence in the format 'Generated Sentence: [your sentence]'. Do not include any explanation, and end your generation after providing the sentence."
1627,candelilla,'spurge' is a hypernym of the specific sense of 'candelilla'.,"{""n"": [""wax-coated Mexican shrub related to Euphorbia antisyphilitica"", ""wax-coated shrub of northern Mexico and southwestern United States""]}",image.10348.jpg,n,2.0,"the noun 'candelilla' that can be interpreted as:
 1. wax-coated Mexican shrub related to Euphorbia antisyphilitica
 2. wax-coated shrub of northern Mexico and southwestern United States
---
Generate a natural ambiguous sentence using polysemous word 'candelilla' once so that the sentence can be interpreted in more than one meaning.
In the generated sentence, the noun 'candelilla' should be interpreted as 'wax-coated shrub of northern Mexico and southwestern United States'. However, the sentence should not imply any of the given definitions too strongly. The sentence should be natural and commonly used in daily life.
Suggest your final sentence in the format 'Generated Sentence: [your sentence]'. Do not include any explanation, and end your generation after providing the sentence."
1630,brainwashing,'indoctrination' is a hypernym of the specific sense of 'brainwashing'.,"{""n"": [""forcible indoctrination into a new set of attitudes and beliefs""], ""v"": [""persuade completely, often through coercion"", ""submit to brainwashing; indoctrinate forcibly""]}",image.12175.jpg,v,2.0,"the verb 'brainwashing' that can be interpreted as:
 1. persuade completely, often through coercion
 2. submit to brainwashing; indoctrinate forcibly
---
Generate a natural ambiguous sentence using polysemous word 'brainwashing' once so that the sentence can be interpreted in more than one meaning.
In the generated sentence, the verb 'brainwashing' should be interpreted as 'submit to brainwashing; indoctrinate forcibly'. However, the sentence should not imply any of the given definitions too strongly. The sentence should be natural and commonly used in daily life.
Suggest your final sentence in the format 'Generated Sentence: [your sentence]'. Do not include any explanation, and end your generation after providing the sentence."
1637,attack,'fight' is a hypernym of the specific sense of 'attack'.,"{""n"": [""(military) an offensive against an enemy (using weapons)"", ""an offensive move in a sport or game"", ""intense adverse criticism"", ""ideas or actions intended to deal with a problem or situation"", ""the act of attacking"", ""a decisive manner of beginning a musical tone or phrase"", ""a sudden occurrence of an uncontrollable condition"", ""the onset of a corrosive or destructive process (as by a chemical agent)"", ""strong criticism""], ""v"": [""launch an attack or assault on; begin hostilities or start warfare with"", ""attack in speech or writing"", ""take the initiative and go on the offensive"", ""attack someone physically or emotionally"", ""set to work upon; turn one's energies vigorously to a task"", ""begin to injure""]}",image.7491.jpg,v,3.0,"the verb 'attack' that can be interpreted as:
 1. launch an attack or assault on; begin hostilities or start warfare with
 2. attack in speech or writing
 3. take the initiative and go on the offensive
 4. attack someone physically or emotionally
 5. set to work upon; turn one's energies vigorously to a task
 6. begin to injure
---
Generate a natural ambiguous sentence using polysemous word 'attack' once so that the sentence can be interpreted in more than one meaning.
In the generated sentence, the verb 'attack' should be interpreted as 'take the initiative and go on the offensive'. However, the sentence should not imply any of the given definitions too strongly. The sentence should be natural and commonly used in daily life.
Suggest your final sentence in the format 'Generated Sentence: [your sentence]'. Do not include any explanation, and end your generation after providing the sentence."
1686,confuse,'misidentify' is a hypernym of the specific sense of 'confuse'.,"{""v"": [""mistake one thing for another"", ""be confusing or perplexing to; cause to be unable to think clearly"", ""cause to feel embarrassment"", ""assemble without order or sense"", ""make unclear, indistinct, or blurred""]}",image.1954.jpg,v,1.0,"the verb 'confuse' that can be interpreted as:
 1. mistake one thing for another
 2. be confusing or perplexing to; cause to be unable to think clearly
 3. cause to feel embarrassment
 4. assemble without order or sense
 5. make unclear, indistinct, or blurred
---
Generate a natural ambiguous sentence using polysemous word 'confuse' once so that the sentence can be interpreted in more than one meaning.
In the generated sentence, the verb 'confuse' should be interpreted as 'mistake one thing for another'. However, the sentence should not imply any of the given definitions too strongly. The sentence should be natural and commonly used in daily life.
Suggest your final sentence in the format 'Generated Sentence: [your sentence]'. Do not include any explanation, and end your generation after providing the sentence."
1693,war,'action' is a hypernym of the specific sense of 'war'.,"{""n"": [""the waging of armed conflict against an enemy"", ""a legal state created by a declaration of war and ended by official declaration during which the international rules of war apply"", ""an active struggle between competing entities"", ""a concerted campaign to end something that is injurious""], ""v"": [""make or wage war""]}",image.8150.jpg,n,1.0,"the noun 'war' that can be interpreted as:
 1. the waging of armed conflict against an enemy
 2. a legal state created by a declaration of war and ended by official declaration during which the international rules of war apply
 3. an active struggle between competing entities
 4. a concerted campaign to end something that is injurious
---
Generate a natural ambiguous sentence using polysemous word 'war' once so that the sentence can be interpreted in more than one meaning.
In the generated sentence, the noun 'war' should be interpreted as 'the waging of armed conflict against an enemy'. However, the sentence should not imply any of the given definitions too strongly. The sentence should be natural and commonly used in daily life.
Suggest your final sentence in the format 'Generated Sentence: [your sentence]'. Do not include any explanation, and end your generation after providing the sentence."
1737,stab,'blow' is a hypernym of the specific sense of 'stab'.,"{""n"": [""a sudden sharp feeling"", ""a strong blow with a knife or other sharp pointed instrument"", ""informal words for any attempt or effort""], ""v"": [""use a knife on"", ""stab or pierce"", ""poke or thrust abruptly""]}",image.1299.jpg,v,2.0,"the verb 'stab' that can be interpreted as:
 1. use a knife on
 2. stab or pierce
 3. poke or thrust abruptly
---
Generate a natural ambiguous sentence using polysemous word 'stab' once so that the sentence can be interpreted in more than one meaning.
In the generated sentence, the verb 'stab' should be interpreted as 'stab or pierce'. However, the sentence should not imply any of the given definitions too strongly. The sentence should be natural and commonly used in daily life.
Suggest your final sentence in the format 'Generated Sentence: [your sentence]'. Do not include any explanation, and end your generation after providing the sentence."
1813,arrival,'accomplishment' is a hypernym of the specific sense of 'arrival'.,"{""n"": [""accomplishment of an objective"", ""the act of arriving at a certain place"", ""someone who arrives (or has arrived)""]}",image.574.jpg,n,1.0,"the noun 'arrival' that can be interpreted as:
 1. accomplishment of an objective
 2. the act of arriving at a certain place
 3. someone who arrives (or has arrived)
---
Generate a natural ambiguous sentence using polysemous word 'arrival' once so that the sentence can be interpreted in more than one meaning.
In the generated sentence, the noun 'arrival' should be interpreted as 'accomplishment of an objective'. However, the sentence should not imply any of the given definitions too strongly. The sentence should be natural and commonly used in daily life.
Suggest your final sentence in the format 'Generated Sentence: [your sentence]'. Do not include any explanation, and end your generation after providing the sentence."
1853,touch,'perceive' is a hypernym of the specific sense of 'touch'.,"{""n"": [""the event of something coming in contact with the body"", ""the faculty by which external objects or forces are perceived through contact with the body (especially the hands)"", ""a suggestion of some quality"", ""a distinguishing style"", ""the act of putting two things together with no space between them"", ""a slight but appreciable amount"", ""a communicative interaction"", ""a slight attack of illness"", ""the act of soliciting money (as a gift or loan)"", ""the sensation produced by pressure receptors in the skin"", ""deftness in handling matters"", ""the feel of mechanical action""], ""v"": [""make physical contact with, come in contact with"", ""perceive via the tactile sense"", ""affect emotionally"", ""be relevant to"", ""be in direct physical contact with; make contact"", ""have an effect upon"", ""deal with; usually used with a form of negation"", ""cause to be in brief contact with"", ""to extend as far as"", ""be equal to in quality or ability"", ""tamper with"", ""make a more or less disguised reference to"", ""comprehend"", ""consume"", ""color lightly""]}",image.1406.jpg,v,6.0,"the verb 'touch' that can be interpreted as:
 1. make physical contact with, come in contact with
 2. perceive via the tactile sense
 3. affect emotionally
 4. be relevant to
 5. be in direct physical contact with; make contact
 6. have an effect upon
 7. deal with; usually used with a form of negation
 8. cause to be in brief contact with
 9. to extend as far as
 10. be equal to in quality or ability
 11. tamper with
 12. make a more or less disguised reference to
 13. comprehend
 14. consume
 15. color lightly
---
Generate a natural ambiguous sentence using polysemous word 'touch' once so that the sentence can be interpreted in more than one meaning.
In the generated sentence, the verb 'touch' should be interpreted as 'have an effect upon'. However, the sentence should not imply any of the given definitions too strongly. The sentence should be natural and commonly used in daily life.
Suggest your final sentence in the format 'Generated Sentence: [your sentence]'. Do not include any explanation, and end your generation after providing the sentence."
1888,hoof,'foot' is a hypernym of the specific sense of 'hoof'.,"{""n"": [""the foot of an ungulate mammal"", ""the horny covering of the end of the foot in ungulate mammals""], ""v"": [""walk"", ""dance in a professional capacity""]}",image.9225.jpg,n,2.0,"the noun 'hoof' that can be interpreted as:
 1. the foot of an ungulate mammal
 2. the horny covering of the end of the foot in ungulate mammals
---
Generate a natural ambiguous sentence using polysemous word 'hoof' once so that the sentence can be interpreted in more than one meaning.
In the generated sentence, the noun 'hoof' should be interpreted as 'the horny covering of the end of the foot in ungulate mammals'. However, the sentence should not imply any of the given definitions too strongly. The sentence should be natural and commonly used in daily life.
Suggest your final sentence in the format 'Generated Sentence: [your sentence]'. Do not include any explanation, and end your generation after providing the sentence."
1982,experience,'see' is a hypernym of the specific sense of 'experience'.,"{""n"": [""the accumulation of knowledge or skill that results from direct participation in events or activities"", ""the content of direct observation or participation in an event"", ""an event as apprehended""], ""v"": [""go or live through"", ""have firsthand knowledge of states, situations, emotions, or sensations"", ""go through (mental or physical states or experiences)"", ""undergo an emotional sensation or be in a particular state of mind"", ""undergo""]}",image.12776.jpg,v,2.0,"the verb 'experience' that can be interpreted as:
 1. go or live through
 2. have firsthand knowledge of states, situations, emotions, or sensations
 3. go through (mental or physical states or experiences)
 4. undergo an emotional sensation or be in a particular state of mind
 5. undergo
---
Generate a natural ambiguous sentence using polysemous word 'experience' once so that the sentence can be interpreted in more than one meaning.
In the generated sentence, the verb 'experience' should be interpreted as 'have firsthand knowledge of states, situations, emotions, or sensations'. However, the sentence should not imply any of the given definitions too strongly. The sentence should be natural and commonly used in daily life.
Suggest your final sentence in the format 'Generated Sentence: [your sentence]'. Do not include any explanation, and end your generation after providing the sentence."
2043,bushel,'unit' is a hypernym of the specific sense of 'bushel'.,"{""n"": [""a United States dry measure equal to 4 pecks or 2152.42 cubic inches"", ""a British imperial capacity measure (liquid or dry) equal to 4 pecks""], ""v"": [""restore by replacing a part or putting together what is torn or broken""]}",image.10987.jpg,n,2.0,"the noun 'bushel' that can be interpreted as:
 1. a United States dry measure equal to 4 pecks or 2152.42 cubic inches
 2. a British imperial capacity measure (liquid or dry) equal to 4 pecks
---
Generate a natural ambiguous sentence using polysemous word 'bushel' once so that the sentence can be interpreted in more than one meaning.
In the generated sentence, the noun 'bushel' should be interpreted as 'a British imperial capacity measure (liquid or dry) equal to 4 pecks'. However, the sentence should not imply any of the given definitions too strongly. The sentence should be natural and commonly used in daily life.
Suggest your final sentence in the format 'Generated Sentence: [your sentence]'. Do not include any explanation, and end your generation after providing the sentence."
2056,noise,'sound' is a hypernym of the specific sense of 'noise'.,"{""n"": [""sound of any kind (especially unintelligible or dissonant sound)"", ""the auditory experience of sound that lacks musical quality; sound that is a disagreeable auditory experience"", ""electrical or acoustic activity that can disturb communication"", ""a loud outcry of protest or complaint"", ""incomprehensibility resulting from irrelevant information or meaningless facts or remarks"", ""the quality of lacking any predictable order or plan""], ""v"": [""emit a noise""]}",image.11847.jpg,n,2.0,"the noun 'noise' that can be interpreted as:
 1. sound of any kind (especially unintelligible or dissonant sound)
 2. the auditory experience of sound that lacks musical quality; sound that is a disagreeable auditory experience
 3. electrical or acoustic activity that can disturb communication
 4. a loud outcry of protest or complaint
 5. incomprehensibility resulting from irrelevant information or meaningless facts or remarks
 6. the quality of lacking any predictable order or plan
---
Generate a natural ambiguous sentence using polysemous word 'noise' once so that the sentence can be interpreted in more than one meaning.
In the generated sentence, the noun 'noise' should be interpreted as 'the auditory experience of sound that lacks musical quality; sound that is a disagreeable auditory experience'. However, the sentence should not imply any of the given definitions too strongly. The sentence should be natural and commonly used in daily life.
Suggest your final sentence in the format 'Generated Sentence: [your sentence]'. Do not include any explanation, and end your generation after providing the sentence."
2110,sadness,'feeling' is a hypernym of the specific sense of 'sadness'.,"{""n"": [""emotions experienced when not in a state of well-being"", ""the state of being sad"", ""the quality of excessive mournfulness and uncheerfulness""]}",image.13315.jpg,n,1.0,"the noun 'sadness' that can be interpreted as:
 1. emotions experienced when not in a state of well-being
 2. the state of being sad
 3. the quality of excessive mournfulness and uncheerfulness
---
Generate a natural ambiguous sentence using polysemous word 'sadness' once so that the sentence can be interpreted in more than one meaning.
In the generated sentence, the noun 'sadness' should be interpreted as 'emotions experienced when not in a state of well-being'. However, the sentence should not imply any of the given definitions too strongly. The sentence should be natural and commonly used in daily life.
Suggest your final sentence in the format 'Generated Sentence: [your sentence]'. Do not include any explanation, and end your generation after providing the sentence."
2171,rutabaga,'turnip' is a hypernym of the specific sense of 'rutabaga'.,"{""n"": [""the large yellow root of a rutabaga plant used as food"", ""a cruciferous plant with a thick bulbous edible yellow root""]}",image.6511.jpg,n,2.0,"the noun 'rutabaga' that can be interpreted as:
 1. the large yellow root of a rutabaga plant used as food
 2. a cruciferous plant with a thick bulbous edible yellow root
---
Generate a natural ambiguous sentence using polysemous word 'rutabaga' once so that the sentence can be interpreted in more than one meaning.
In the generated sentence, the noun 'rutabaga' should be interpreted as 'a cruciferous plant with a thick bulbous edible yellow root'. However, the sentence should not imply any of the given definitions too strongly. The sentence should be natural and commonly used in daily life.
Suggest your final sentence in the format 'Generated Sentence: [your sentence]'. Do not include any explanation, and end your generation after providing the sentence."
2265,triclinium,'dining-room' is a hypernym of the specific sense of 'triclinium'.,"{""n"": [""a dining room (especially a dining room containing a dining table with couches along three sides)"", ""a dining table with couches along three sides in ancient Rome""]}",image.697.jpg,n,2.0,"the noun 'triclinium' that can be interpreted as:
 1. a dining room (especially a dining room containing a dining table with couches along three sides)
 2. a dining table with couches along three sides in ancient Rome
---
Generate a natural ambiguous sentence using polysemous word 'triclinium' once so that the sentence can be interpreted in more than one meaning.
In the generated sentence, the noun 'triclinium' should be interpreted as 'a dining table with couches along three sides in ancient Rome'. However, the sentence should not imply any of the given definitions too strongly. The sentence should be natural and commonly used in daily life.
Suggest your final sentence in the format 'Generated Sentence: [your sentence]'. Do not include any explanation, and end your generation after providing the sentence."
2286,extortion,'felony' is a hypernym of the specific sense of 'extortion'.,"{""n"": [""an exorbitant charge"", ""unjust exaction (as by the misuse of authority)"", ""the felonious act of extorting money (as by threats of violence)""]}",image.9047.jpg,n,2.0,"the noun 'extortion' that can be interpreted as:
 1. an exorbitant charge
 2. unjust exaction (as by the misuse of authority)
 3. the felonious act of extorting money (as by threats of violence)
---
Generate a natural ambiguous sentence using polysemous word 'extortion' once so that the sentence can be interpreted in more than one meaning.
In the generated sentence, the noun 'extortion' should be interpreted as 'unjust exaction (as by the misuse of authority)'. However, the sentence should not imply any of the given definitions too strongly. The sentence should be natural and commonly used in daily life.
Suggest your final sentence in the format 'Generated Sentence: [your sentence]'. Do not include any explanation, and end your generation after providing the sentence."
2291,ruin,'destruction' is a hypernym of the specific sense of 'ruin'.,"{""n"": [""an irrecoverable state of devastation and destruction"", ""a ruined building"", ""the process of becoming dilapidated"", ""an event that results in destruction"", ""failure that results in a loss of position or reputation"", ""destruction achieved by causing something to be wrecked or ruined""], ""v"": [""destroy completely; damage irreparably"", ""destroy or cause to fail"", ""reduce to bankruptcy"", ""reduce to ruins"", ""deprive of virginity"", ""fall into ruin""]}",image.9354.jpg,n,3.0,"the noun 'ruin' that can be interpreted as:
 1. an irrecoverable state of devastation and destruction
 2. a ruined building
 3. the process of becoming dilapidated
 4. an event that results in destruction
 5. failure that results in a loss of position or reputation
 6. destruction achieved by causing something to be wrecked or ruined
---
Generate a natural ambiguous sentence using polysemous word 'ruin' once so that the sentence can be interpreted in more than one meaning.
In the generated sentence, the noun 'ruin' should be interpreted as 'the process of becoming dilapidated'. However, the sentence should not imply any of the given definitions too strongly. The sentence should be natural and commonly used in daily life.
Suggest your final sentence in the format 'Generated Sentence: [your sentence]'. Do not include any explanation, and end your generation after providing the sentence."
2292,screaming,'noise' is a hypernym of the specific sense of 'screaming'.,"{""n"": [""sharp piercing cry"", ""a high-pitched noise resembling a human cry""], ""v"": [""utter a sudden loud cry"", ""utter or declare in a very loud voice"", ""make a loud, piercing sound""], ""a"": [""so extremely intense as to evoke screams"", ""resembling a scream in effect"", ""marked by or causing boisterous merriment or convulsive laughter""]}",image.2706.jpg,v,3.0,"the verb 'screaming' that can be interpreted as:
 1. utter a sudden loud cry
 2. utter or declare in a very loud voice
 3. make a loud, piercing sound
---
Generate a natural ambiguous sentence using polysemous word 'screaming' once so that the sentence can be interpreted in more than one meaning.
In the generated sentence, the verb 'screaming' should be interpreted as 'make a loud, piercing sound'. However, the sentence should not imply any of the given definitions too strongly. The sentence should be natural and commonly used in daily life.
Suggest your final sentence in the format 'Generated Sentence: [your sentence]'. Do not include any explanation, and end your generation after providing the sentence."
2359,citrange,'citrus' is a hypernym of the specific sense of 'citrange'.,"{""n"": [""more aromatic and acidic than oranges"", ""more aromatic and acid tasting than oranges; used in beverages and marmalade""]}",image.946.jpg,n,1.0,"the noun 'citrange' that can be interpreted as:
 1. more aromatic and acidic than oranges
 2. more aromatic and acid tasting than oranges; used in beverages and marmalade
---
Generate a natural ambiguous sentence using polysemous word 'citrange' once so that the sentence can be interpreted in more than one meaning.
In the generated sentence, the noun 'citrange' should be interpreted as 'more aromatic and acidic than oranges'. However, the sentence should not imply any of the given definitions too strongly. The sentence should be natural and commonly used in daily life.
Suggest your final sentence in the format 'Generated Sentence: [your sentence]'. Do not include any explanation, and end your generation after providing the sentence."
2409,listlessness,'passivity' is a hypernym of the specific sense of 'listlessness'.,"{""n"": [""a feeling of lack of interest or energy"", ""inactivity resulting from lethargy and lack of vigor or energy""]}",image.9712.jpg,n,1.0,"the noun 'listlessness' that can be interpreted as:
 1. a feeling of lack of interest or energy
 2. inactivity resulting from lethargy and lack of vigor or energy
---
Generate a natural ambiguous sentence using polysemous word 'listlessness' once so that the sentence can be interpreted in more than one meaning.
In the generated sentence, the noun 'listlessness' should be interpreted as 'a feeling of lack of interest or energy'. However, the sentence should not imply any of the given definitions too strongly. The sentence should be natural and commonly used in daily life.
Suggest your final sentence in the format 'Generated Sentence: [your sentence]'. Do not include any explanation, and end your generation after providing the sentence."
2450,poster,'worker' is a hypernym of the specific sense of 'poster'.,"{""n"": [""a sign posted in a public place as an advertisement"", ""someone who pastes up bills or placards on walls or billboards"", ""a horse kept at an inn or post house for use by mail carriers or for rent to travelers""]}",image.11051.jpg,n,1.0,"the noun 'poster' that can be interpreted as:
 1. a sign posted in a public place as an advertisement
 2. someone who pastes up bills or placards on walls or billboards
 3. a horse kept at an inn or post house for use by mail carriers or for rent to travelers
---
Generate a natural ambiguous sentence using polysemous word 'poster' once so that the sentence can be interpreted in more than one meaning.
In the generated sentence, the noun 'poster' should be interpreted as 'a sign posted in a public place as an advertisement'. However, the sentence should not imply any of the given definitions too strongly. The sentence should be natural and commonly used in daily life.
Suggest your final sentence in the format 'Generated Sentence: [your sentence]'. Do not include any explanation, and end your generation after providing the sentence."
2480,dial,'control' is a hypernym of the specific sense of 'dial'.,"{""n"": [""the face of a timepiece; graduated to show the hours"", ""the control on a radio or television set that is used for tuning"", ""the circular graduated indicator on various measuring instruments"", ""a disc on a telephone that is rotated a fixed distance for each number called""], ""v"": [""operate a dial to select a telephone number"", ""choose by means of a dial""]}",image.2711.jpg,v,2.0,"the verb 'dial' that can be interpreted as:
 1. operate a dial to select a telephone number
 2. choose by means of a dial
---
Generate a natural ambiguous sentence using polysemous word 'dial' once so that the sentence can be interpreted in more than one meaning.
In the generated sentence, the verb 'dial' should be interpreted as 'choose by means of a dial'. However, the sentence should not imply any of the given definitions too strongly. The sentence should be natural and commonly used in daily life.
Suggest your final sentence in the format 'Generated Sentence: [your sentence]'. Do not include any explanation, and end your generation after providing the sentence."
2523,bake,'cook' is a hypernym of the specific sense of 'bake'.,"{""v"": [""cook and make edible by putting in a hot oven"", ""prepare with dry heat in an oven"", ""heat by a natural force"", ""be very hot, due to hot weather or exposure to the sun""]}",image.5765.jpg,v,2.0,"the verb 'bake' that can be interpreted as:
 1. cook and make edible by putting in a hot oven
 2. prepare with dry heat in an oven
 3. heat by a natural force
 4. be very hot, due to hot weather or exposure to the sun
---
Generate a natural ambiguous sentence using polysemous word 'bake' once so that the sentence can be interpreted in more than one meaning.
In the generated sentence, the verb 'bake' should be interpreted as 'prepare with dry heat in an oven'. However, the sentence should not imply any of the given definitions too strongly. The sentence should be natural and commonly used in daily life.
Suggest your final sentence in the format 'Generated Sentence: [your sentence]'. Do not include any explanation, and end your generation after providing the sentence."
2647,disagreement,'speechact' is a hypernym of the specific sense of 'disagreement'.,"{""n"": [""a conflict of people's opinions or actions or characters"", ""a difference between conflicting facts or claims or opinions"", ""the speech act of disagreeing or arguing or disputing""]}",image.4661.jpg,n,1.0,"the noun 'disagreement' that can be interpreted as:
 1. a conflict of people's opinions or actions or characters
 2. a difference between conflicting facts or claims or opinions
 3. the speech act of disagreeing or arguing or disputing
---
Generate a natural ambiguous sentence using polysemous word 'disagreement' once so that the sentence can be interpreted in more than one meaning.
In the generated sentence, the noun 'disagreement' should be interpreted as 'a conflict of people's opinions or actions or characters'. However, the sentence should not imply any of the given definitions too strongly. The sentence should be natural and commonly used in daily life.
Suggest your final sentence in the format 'Generated Sentence: [your sentence]'. Do not include any explanation, and end your generation after providing the sentence."
2652,refuel,'fuel' is a hypernym of the specific sense of 'refuel'.,"{""v"": [""provide with additional fuel, as of aircraft, ships, and cars"", ""take on more fuel, as of a plane, ship, or car""]}",image.9428.jpg,v,1.0,"the verb 'refuel' that can be interpreted as:
 1. provide with additional fuel, as of aircraft, ships, and cars
 2. take on more fuel, as of a plane, ship, or car
---
Generate a natural ambiguous sentence using polysemous word 'refuel' once so that the sentence can be interpreted in more than one meaning.
In the generated sentence, the verb 'refuel' should be interpreted as 'provide with additional fuel, as of aircraft, ships, and cars'. However, the sentence should not imply any of the given definitions too strongly. The sentence should be natural and commonly used in daily life.
Suggest your final sentence in the format 'Generated Sentence: [your sentence]'. Do not include any explanation, and end your generation after providing the sentence."
2715,pain,'somaesthesia' is a hypernym of the specific sense of 'pain'.,"{""n"": [""a symptom of some physical hurt or disorder"", ""emotional distress; a fundamental feeling that people try to avoid"", ""a somatic sensation of acute discomfort"", ""a bothersome annoying person"", ""something or someone that causes trouble; a source of unhappiness""], ""v"": [""cause bodily suffering to and make sick or indisposed"", ""cause emotional anguish or make miserable""]}",image.9081.jpg,n,3.0,"the noun 'pain' that can be interpreted as:
 1. a symptom of some physical hurt or disorder
 2. emotional distress; a fundamental feeling that people try to avoid
 3. a somatic sensation of acute discomfort
 4. a bothersome annoying person
 5. something or someone that causes trouble; a source of unhappiness
---
Generate a natural ambiguous sentence using polysemous word 'pain' once so that the sentence can be interpreted in more than one meaning.
In the generated sentence, the noun 'pain' should be interpreted as 'a somatic sensation of acute discomfort'. However, the sentence should not imply any of the given definitions too strongly. The sentence should be natural and commonly used in daily life.
Suggest your final sentence in the format 'Generated Sentence: [your sentence]'. Do not include any explanation, and end your generation after providing the sentence."
2716,mormons,'denomination' is a hypernym of the specific sense of 'mormons'.,"{""n"": [""church founded by Joseph Smith in 1830 with headquarters in Salt Lake City, Utah"", ""the ancient prophet whose writings were revealed to Joseph Smith who founded the Church of Jesus Christ of Latter-Day Saints"", ""a member of the Church of Jesus Christ of Latter-Day Saints""]}",image.4285.jpg,n,3.0,"the noun 'mormons' that can be interpreted as:
 1. church founded by Joseph Smith in 1830 with headquarters in Salt Lake City, Utah
 2. the ancient prophet whose writings were revealed to Joseph Smith who founded the Church of Jesus Christ of Latter-Day Saints
 3. a member of the Church of Jesus Christ of Latter-Day Saints
---
Generate a natural ambiguous sentence using polysemous word 'mormons' once so that the sentence can be interpreted in more than one meaning.
In the generated sentence, the noun 'mormons' should be interpreted as 'a member of the Church of Jesus Christ of Latter-Day Saints'. However, the sentence should not imply any of the given definitions too strongly. The sentence should be natural and commonly used in daily life.
Suggest your final sentence in the format 'Generated Sentence: [your sentence]'. Do not include any explanation, and end your generation after providing the sentence."
2744,fall,'move' is a hypernym of the specific sense of 'fall'.,"{""n"": [""the season when the leaves fall from the trees"", ""a sudden drop from an upright position"", ""the lapse of mankind into sinfulness because of the sin of Adam and Eve"", ""a downward slope or bend"", ""a lapse into sin; a loss of innocence or of chastity"", ""a sudden decline in strength or number or importance"", ""a movement downward"", ""the act of surrendering (usually under agreed conditions)"", ""the time of day immediately following sunset"", ""when a wrestler's shoulders are forced to the mat"", ""a free and rapid descent by the force of gravity"", ""a sudden sharp decrease in some quantity""], ""v"": [""descend in free fall under the influence of gravity"", ""move downward and lower, but not necessarily all the way"", ""pass suddenly and passively into a state of body or mind"", ""come under, be classified or included"", ""fall from clouds"", ""suffer defeat, failure, or ruin"", ""die, as in battle or in a hunt"", ""touch or seem as if touching visually or audibly"", ""be captured"", ""occur at a specified time or place"", ""decrease in size, extent, or range"", ""yield to temptation or sin"", ""lose office or power"", ""to be given by assignment or distribution"", ""move in a specified direction"", ""be due"", ""lose one's chastity"", ""to be given by right or inheritance"", ""come into the possession of"", ""fall to somebody by assignment or lot"", ""be inherited by"", ""slope downward"", ""lose an upright position suddenly"", ""drop oneself to a lower or less erect position"", ""fall or flow in a certain way"", ""assume a disappointed or sad expression"", ""be cast down"", ""come out; issue"", ""be born, used chiefly of lambs"", ""begin vigorously"", ""go as if by falling"", ""come as if by falling""]}",image.14268.jpg,v,23.0,"the verb 'fall' that can be interpreted as:
 1. descend in free fall under the influence of gravity
 2. move downward and lower, but not necessarily all the way
 3. pass suddenly and passively into a state of body or mind
 4. come under, be classified or included
 5. fall from clouds
 6. suffer defeat, failure, or ruin
 7. die, as in battle or in a hunt
 8. touch or seem as if touching visually or audibly
 9. be captured
 10. occur at a specified time or place
 11. decrease in size, extent, or range
 12. yield to temptation or sin
 13. lose office or power
 14. to be given by assignment or distribution
 15. move in a specified direction
 16. be due
 17. lose one's chastity
 18. to be given by right or inheritance
 19. come into the possession of
 20. fall to somebody by assignment or lot
 21. be inherited by
 22. slope downward
 23. lose an upright position suddenly
 24. drop oneself to a lower or less erect position
 25. fall or flow in a certain way
 26. assume a disappointed or sad expression
 27. be cast down
 28. come out; issue
 29. be born, used chiefly of lambs
 30. begin vigorously
 31. go as if by falling
 32. come as if by falling
---
Generate a natural ambiguous sentence using polysemous word 'fall' once so that the sentence can be interpreted in more than one meaning.
In the generated sentence, the verb 'fall' should be interpreted as 'lose an upright position suddenly'. However, the sentence should not imply any of the given definitions too strongly. The sentence should be natural and commonly used in daily life.
Suggest your final sentence in the format 'Generated Sentence: [your sentence]'. Do not include any explanation, and end your generation after providing the sentence."
2774,atmosphere,'gas' is a hypernym of the specific sense of 'atmosphere'.,"{""n"": [""a particular environment or surrounding influence"", ""a unit of pressure: the pressure that will support a column of mercury 760 mm high at sea level and 0 degrees centigrade"", ""the mass of air surrounding the Earth"", ""the weather or climate at some place"", ""the envelope of gases surrounding any celestial body"", ""a distinctive but intangible quality surrounding a person or thing""]}",image.7011.jpg,n,5.0,"the noun 'atmosphere' that can be interpreted as:
 1. a particular environment or surrounding influence
 2. a unit of pressure: the pressure that will support a column of mercury 760 mm high at sea level and 0 degrees centigrade
 3. the mass of air surrounding the Earth
 4. the weather or climate at some place
 5. the envelope of gases surrounding any celestial body
 6. a distinctive but intangible quality surrounding a person or thing
---
Generate a natural ambiguous sentence using polysemous word 'atmosphere' once so that the sentence can be interpreted in more than one meaning.
In the generated sentence, the noun 'atmosphere' should be interpreted as 'the envelope of gases surrounding any celestial body'. However, the sentence should not imply any of the given definitions too strongly. The sentence should be natural and commonly used in daily life.
Suggest your final sentence in the format 'Generated Sentence: [your sentence]'. Do not include any explanation, and end your generation after providing the sentence."
2779,school,'institution' is a hypernym of the specific sense of 'school'.,"{""n"": [""an educational institution"", ""a building where young people receive education"", ""the process of being formally educated at a school"", ""a body of creative artists or writers or thinkers linked by a similar style or by similar teachers"", ""the period of instruction in a school; the time period when school is in session"", ""an educational institution's faculty and students"", ""a large group of fish""], ""v"": [""educate in or as if in a school"", ""teach or refine to be discriminative in taste or judgment"", ""swim in or form a large group of fish""]}",image.3354.jpg,n,1.0,"the noun 'school' that can be interpreted as:
 1. an educational institution
 2. a building where young people receive education
 3. the process of being formally educated at a school
 4. a body of creative artists or writers or thinkers linked by a similar style or by similar teachers
 5. the period of instruction in a school; the time period when school is in session
 6. an educational institution's faculty and students
 7. a large group of fish
---
Generate a natural ambiguous sentence using polysemous word 'school' once so that the sentence can be interpreted in more than one meaning.
In the generated sentence, the noun 'school' should be interpreted as 'an educational institution'. However, the sentence should not imply any of the given definitions too strongly. The sentence should be natural and commonly used in daily life.
Suggest your final sentence in the format 'Generated Sentence: [your sentence]'. Do not include any explanation, and end your generation after providing the sentence."
2875,enjoyment,'pleasure' is a hypernym of the specific sense of 'enjoyment'.,"{""n"": [""the pleasure felt when having a good time"", ""act of receiving pleasure from something"", ""(law) the exercise of the legal right to enjoy the benefits of owning property""]}",image.7357.jpg,n,1.0,"the noun 'enjoyment' that can be interpreted as:
 1. the pleasure felt when having a good time
 2. act of receiving pleasure from something
 3. (law) the exercise of the legal right to enjoy the benefits of owning property
---
Generate a natural ambiguous sentence using polysemous word 'enjoyment' once so that the sentence can be interpreted in more than one meaning.
In the generated sentence, the noun 'enjoyment' should be interpreted as 'the pleasure felt when having a good time'. However, the sentence should not imply any of the given definitions too strongly. The sentence should be natural and commonly used in daily life.
Suggest your final sentence in the format 'Generated Sentence: [your sentence]'. Do not include any explanation, and end your generation after providing the sentence."
3040,avocado,'fruit' is a hypernym of the specific sense of 'avocado'.,"{""n"": [""a pear-shaped tropical fruit with green or blackish skin and rich yellowish pulp enclosing a single large seed"", ""tropical American tree bearing large pulpy green fruits""], ""a"": [""of the dull yellowish green of the meat of an avocado""]}",image.3348.jpg,n,1.0,"the noun 'avocado' that can be interpreted as:
 1. a pear-shaped tropical fruit with green or blackish skin and rich yellowish pulp enclosing a single large seed
 2. tropical American tree bearing large pulpy green fruits
---
Generate a natural ambiguous sentence using polysemous word 'avocado' once so that the sentence can be interpreted in more than one meaning.
In the generated sentence, the noun 'avocado' should be interpreted as 'a pear-shaped tropical fruit with green or blackish skin and rich yellowish pulp enclosing a single large seed'. However, the sentence should not imply any of the given definitions too strongly. The sentence should be natural and commonly used in daily life.
Suggest your final sentence in the format 'Generated Sentence: [your sentence]'. Do not include any explanation, and end your generation after providing the sentence."
3081,trivet,'base' is a hypernym of the specific sense of 'trivet'.,"{""n"": [""a three-legged metal stand for supporting a cooking vessel in a hearth"", ""a stand with short feet used under a hot dish on a table""]}",image.5436.jpg,n,1.0,"the noun 'trivet' that can be interpreted as:
 1. a three-legged metal stand for supporting a cooking vessel in a hearth
 2. a stand with short feet used under a hot dish on a table
---
Generate a natural ambiguous sentence using polysemous word 'trivet' once so that the sentence can be interpreted in more than one meaning.
In the generated sentence, the noun 'trivet' should be interpreted as 'a three-legged metal stand for supporting a cooking vessel in a hearth'. However, the sentence should not imply any of the given definitions too strongly. The sentence should be natural and commonly used in daily life.
Suggest your final sentence in the format 'Generated Sentence: [your sentence]'. Do not include any explanation, and end your generation after providing the sentence."
3266,sapodilla,'fruittree' is a hypernym of the specific sense of 'sapodilla'.,"{""n"": [""large tropical American evergreen yielding chicle gum and edible fruit; sometimes placed in genus Achras"", ""tropical fruit with a rough brownish skin and very sweet brownish pulp""]}",image.3037.jpg,n,1.0,"the noun 'sapodilla' that can be interpreted as:
 1. large tropical American evergreen yielding chicle gum and edible fruit; sometimes placed in genus Achras
 2. tropical fruit with a rough brownish skin and very sweet brownish pulp
---
Generate a natural ambiguous sentence using polysemous word 'sapodilla' once so that the sentence can be interpreted in more than one meaning.
In the generated sentence, the noun 'sapodilla' should be interpreted as 'large tropical American evergreen yielding chicle gum and edible fruit; sometimes placed in genus Achras'. However, the sentence should not imply any of the given definitions too strongly. The sentence should be natural and commonly used in daily life.
Suggest your final sentence in the format 'Generated Sentence: [your sentence]'. Do not include any explanation, and end your generation after providing the sentence."
3271,focalize,'adjust' is a hypernym of the specific sense of 'focalize'.,"{""v"": [""concentrate on a particular place or spot"", ""bring into focus or alignment; to converge or cause to converge; of ideas or emotions"", ""become focussed or come into focus"", ""put (an image) into focus""]}",image.10203.jpg,v,2.0,"the verb 'focalize' that can be interpreted as:
 1. concentrate on a particular place or spot
 2. bring into focus or alignment; to converge or cause to converge; of ideas or emotions
 3. become focussed or come into focus
 4. put (an image) into focus
---
Generate a natural ambiguous sentence using polysemous word 'focalize' once so that the sentence can be interpreted in more than one meaning.
In the generated sentence, the verb 'focalize' should be interpreted as 'bring into focus or alignment; to converge or cause to converge; of ideas or emotions'. However, the sentence should not imply any of the given definitions too strongly. The sentence should be natural and commonly used in daily life.
Suggest your final sentence in the format 'Generated Sentence: [your sentence]'. Do not include any explanation, and end your generation after providing the sentence."
3301,trading,'commerce' is a hypernym of the specific sense of 'trading'.,"{""n"": [""buying or selling securities or commodities""], ""v"": [""engage in the trade of"", ""turn in as payment or part payment for a purchase"", ""be traded at a certain price or under certain conditions"", ""exchange or give (something) in exchange for"", ""do business; offer for sale as for one's livelihood""]}",image.8141.jpg,v,4.0,"the verb 'trading' that can be interpreted as:
 1. engage in the trade of
 2. turn in as payment or part payment for a purchase
 3. be traded at a certain price or under certain conditions
 4. exchange or give (something) in exchange for
 5. do business; offer for sale as for one's livelihood
---
Generate a natural ambiguous sentence using polysemous word 'trading' once so that the sentence can be interpreted in more than one meaning.
In the generated sentence, the verb 'trading' should be interpreted as 'exchange or give (something) in exchange for'. However, the sentence should not imply any of the given definitions too strongly. The sentence should be natural and commonly used in daily life.
Suggest your final sentence in the format 'Generated Sentence: [your sentence]'. Do not include any explanation, and end your generation after providing the sentence."
3337,mackerel,'scombroid' is a hypernym of the specific sense of 'mackerel'.,"{""n"": [""flesh of very important usually small (to 18 in) fatty Atlantic fish"", ""any of various fishes of the family Scombridae""]}",image.4629.jpg,n,2.0,"the noun 'mackerel' that can be interpreted as:
 1. flesh of very important usually small (to 18 in) fatty Atlantic fish
 2. any of various fishes of the family Scombridae
---
Generate a natural ambiguous sentence using polysemous word 'mackerel' once so that the sentence can be interpreted in more than one meaning.
In the generated sentence, the noun 'mackerel' should be interpreted as 'any of various fishes of the family Scombridae'. However, the sentence should not imply any of the given definitions too strongly. The sentence should be natural and commonly used in daily life.
Suggest your final sentence in the format 'Generated Sentence: [your sentence]'. Do not include any explanation, and end your generation after providing the sentence."
3339,run,'vie' is a hypernym of the specific sense of 'run'.,"{""n"": [""a score in baseball made by a runner touching all four bases safely"", ""the act of testing something"", ""a race run on foot"", ""an unbroken series of events"", ""(American football) a play in which a player attempts to carry the ball through or past the opposing team"", ""a regular trip"", ""the act of running; traveling on foot at a fast pace"", ""the continuous period of time during which something (a machine or a factory) operates or continues in operation"", ""unrestricted freedom to use"", ""the production achieved during a continuous period of operation (of a machine or factory etc.)"", ""a small stream"", ""a race between candidates for elective office"", ""a row of unravelled stitches"", ""the pouring forth of a fluid"", ""an unbroken chronological sequence"", ""a short trip""], ""v"": [""move fast by using one's feet, with one foot off the ground at any given time"", ""flee; take to one's heels; cut and run"", ""stretch out over a distance, space, time, or scope; run or extend between two points or beyond a certain point"", ""direct or control; projects, businesses, etc."", ""have a particular form"", ""move along, of liquids"", ""perform as expected when applied"", ""change or be different within limits"", ""run, stand, or compete for an office or a position"", ""cause to emit recorded audio or video"", ""move about freely and without restraint, or act as if running around in an uncontrolled way"", ""have a tendency or disposition to do or be something; be inclined"", ""be operating, running or functioning"", ""change from one state to another"", ""cause to perform"", ""be affected by; be subjected to"", ""continue to exist"", ""occur persistently"", ""carry out a process or program, as on a computer or a machine"", ""include as the content; broadcast or publicize"", ""carry out"", ""pass over, across, or through"", ""cause something to pass or lead somewhere"", ""make without a miss"", ""deal in illegally, such as arms or liquor"", ""cause an animal to move fast"", ""be diffused"", ""sail before the wind"", ""cover by running; run a certain distance"", ""extend or continue for a certain period of time"", ""set animals loose to graze"", ""keep company"", ""run with the ball; in such sports as football"", ""travel rapidly, by any (unspecified) means"", ""travel a route regularly"", ""pursue for food or sport (as of wild animals)"", ""compete in a race"", ""progress by being changed"", ""reduce or cause to be reduced from a solid to a liquid state, usually by heating"", ""come unraveled or undone as if by snagging"", ""become undone""]}",image.2807.jpg,v,1.0,"the verb 'run' that can be interpreted as:
 1. move fast by using one's feet, with one foot off the ground at any given time
 2. flee; take to one's heels; cut and run
 3. stretch out over a distance, space, time, or scope; run or extend between two points or beyond a certain point
 4. direct or control; projects, businesses, etc.
 5. have a particular form
 6. move along, of liquids
 7. perform as expected when applied
 8. change or be different within limits
 9. run, stand, or compete for an office or a position
 10. cause to emit recorded audio or video
 11. move about freely and without restraint, or act as if running around in an uncontrolled way
 12. have a tendency or disposition to do or be something; be inclined
 13. be operating, running or functioning
 14. change from one state to another
 15. cause to perform
 16. be affected by; be subjected to
 17. continue to exist
 18. occur persistently
 19. carry out a process or program, as on a computer or a machine
 20. include as the content; broadcast or publicize
 21. carry out
 22. pass over, across, or through
 23. cause something to pass or lead somewhere
 24. make without a miss
 25. deal in illegally, such as arms or liquor
 26. cause an animal to move fast
 27. be diffused
 28. sail before the wind
 29. cover by running; run a certain distance
 30. extend or continue for a certain period of time
 31. set animals loose to graze
 32. keep company
 33. run with the ball; in such sports as football
 34. travel rapidly, by any (unspecified) means
 35. travel a route regularly
 36. pursue for food or sport (as of wild animals)
 37. compete in a race
 38. progress by being changed
 39. reduce or cause to be reduced from a solid to a liquid state, usually by heating
 40. come unraveled or undone as if by snagging
 41. become undone
---
Generate a natural ambiguous sentence using polysemous word 'run' once so that the sentence can be interpreted in more than one meaning.
In the generated sentence, the verb 'run' should be interpreted as 'move fast by using one's feet, with one foot off the ground at any given time'. However, the sentence should not imply any of the given definitions too strongly. The sentence should be natural and commonly used in daily life.
Suggest your final sentence in the format 'Generated Sentence: [your sentence]'. Do not include any explanation, and end your generation after providing the sentence."
3345,journey,'travel' is a hypernym of the specific sense of 'journey'.,"{""n"": [""the act of traveling from one place to another""], ""v"": [""undertake a journey or trip"", ""travel upon or across""]}",image.760.jpg,v,1.0,"the verb 'journey' that can be interpreted as:
 1. undertake a journey or trip
 2. travel upon or across
---
Generate a natural ambiguous sentence using polysemous word 'journey' once so that the sentence can be interpreted in more than one meaning.
In the generated sentence, the verb 'journey' should be interpreted as 'undertake a journey or trip'. However, the sentence should not imply any of the given definitions too strongly. The sentence should be natural and commonly used in daily life.
Suggest your final sentence in the format 'Generated Sentence: [your sentence]'. Do not include any explanation, and end your generation after providing the sentence."
3394,eat,'consume' is a hypernym of the specific sense of 'eat'.,"{""v"": [""take in solid food"", ""eat a meal; take a meal"", ""take in food; used of animals only"", ""worry or cause anxiety in a persistent way"", ""use up (resources or materials)"", ""cause to deteriorate due to the action of water, air, or an acid""]}",image.15032.jpg,v,2.0,"the verb 'eat' that can be interpreted as:
 1. take in solid food
 2. eat a meal; take a meal
 3. take in food; used of animals only
 4. worry or cause anxiety in a persistent way
 5. use up (resources or materials)
 6. cause to deteriorate due to the action of water, air, or an acid
---
Generate a natural ambiguous sentence using polysemous word 'eat' once so that the sentence can be interpreted in more than one meaning.
In the generated sentence, the verb 'eat' should be interpreted as 'eat a meal; take a meal'. However, the sentence should not imply any of the given definitions too strongly. The sentence should be natural and commonly used in daily life.
Suggest your final sentence in the format 'Generated Sentence: [your sentence]'. Do not include any explanation, and end your generation after providing the sentence."
3463,mussel,'mytilid' is a hypernym of the specific sense of 'mussel'.,"{""n"": [""black marine bivalves usually steamed in wine"", ""marine or freshwater bivalve mollusk that lives attached to rocks etc.""]}",image.2468.jpg,n,2.0,"the noun 'mussel' that can be interpreted as:
 1. black marine bivalves usually steamed in wine
 2. marine or freshwater bivalve mollusk that lives attached to rocks etc.
---
Generate a natural ambiguous sentence using polysemous word 'mussel' once so that the sentence can be interpreted in more than one meaning.
In the generated sentence, the noun 'mussel' should be interpreted as 'marine or freshwater bivalve mollusk that lives attached to rocks etc.'. However, the sentence should not imply any of the given definitions too strongly. The sentence should be natural and commonly used in daily life.
Suggest your final sentence in the format 'Generated Sentence: [your sentence]'. Do not include any explanation, and end your generation after providing the sentence."
3578,convenience,'suitableness' is a hypernym of the specific sense of 'convenience'.,"{""n"": [""the state of being suitable or opportune"", ""the quality of being useful and convenient"", ""a toilet that is available to the public"", ""a device or control that is very useful for a particular job""]}",image.6904.jpg,n,4.0,"the noun 'convenience' that can be interpreted as:
 1. the state of being suitable or opportune
 2. the quality of being useful and convenient
 3. a toilet that is available to the public
 4. a device or control that is very useful for a particular job
---
Generate a natural ambiguous sentence using polysemous word 'convenience' once so that the sentence can be interpreted in more than one meaning.
In the generated sentence, the noun 'convenience' should be interpreted as 'a device or control that is very useful for a particular job'. However, the sentence should not imply any of the given definitions too strongly. The sentence should be natural and commonly used in daily life.
Suggest your final sentence in the format 'Generated Sentence: [your sentence]'. Do not include any explanation, and end your generation after providing the sentence."
3662,premier,'heads-of-state' is a hypernym of the specific sense of 'premier'.,"{""n"": [""the person who holds the position of head of the government in the United Kingdom"", ""the person who is head of state (in several countries)""], ""v"": [""be performed for the first time"", ""perform a work for the first time""], ""a"": [""first in rank or degree"", ""preceding all others in time""]}",image.10066.jpg,n,2.0,"the noun 'premier' that can be interpreted as:
 1. the person who holds the position of head of the government in the United Kingdom
 2. the person who is head of state (in several countries)
---
Generate a natural ambiguous sentence using polysemous word 'premier' once so that the sentence can be interpreted in more than one meaning.
In the generated sentence, the noun 'premier' should be interpreted as 'the person who is head of state (in several countries)'. However, the sentence should not imply any of the given definitions too strongly. The sentence should be natural and commonly used in daily life.
Suggest your final sentence in the format 'Generated Sentence: [your sentence]'. Do not include any explanation, and end your generation after providing the sentence."
3711,drive,'dig' is a hypernym of the specific sense of 'drive'.,"{""n"": [""the act of applying force to propel something"", ""a mechanism by which force or power is transmitted in a machine"", ""a series of actions advancing a principle or tending toward a particular end"", ""a road leading up to a private house"", ""the trait of being highly motivated"", ""hitting a golf ball off of a tee with a driver"", ""the act of driving a herd of animals overland"", ""a journey in a vehicle (usually an automobile)"", ""a physiological state corresponding to a strong need or desire"", ""(computer science) a device that writes data onto or reads data from a storage medium"", ""a wide scenic road planted with trees"", ""(sports) a hard straight return (as in tennis or squash)""], ""v"": [""operate or control a vehicle"", ""travel or be transported in a vehicle"", ""cause someone or something to move by driving"", ""force into or from an action or state, either physically or metaphorically"", ""to compel or force or urge relentlessly or exert coercive pressure on, or motivate strongly"", ""cause to move back by force or influence"", ""compel somebody to do something, often against his own will or judgment"", ""push, propel, or press with force"", ""cause to move rapidly by striking or throwing with force"", ""strive and make an effort to reach a goal"", ""move into a desired direction of discourse"", ""have certain properties when driven"", ""work as a driver"", ""move by being propelled by a force"", ""urge forward"", ""proceed along in a vehicle"", ""strike with a driver, as in teeing off"", ""hit very hard, as by swinging a bat horizontally"", ""excavate horizontally"", ""cause to function by supplying the force or power for or by controlling"", ""hunting: search for game"", ""hunting: chase from cover into more open ground""]}",image.9975.jpg,v,19.0,"the verb 'drive' that can be interpreted as:
 1. operate or control a vehicle
 2. travel or be transported in a vehicle
 3. cause someone or something to move by driving
 4. force into or from an action or state, either physically or metaphorically
 5. to compel or force or urge relentlessly or exert coercive pressure on, or motivate strongly
 6. cause to move back by force or influence
 7. compel somebody to do something, often against his own will or judgment
 8. push, propel, or press with force
 9. cause to move rapidly by striking or throwing with force
 10. strive and make an effort to reach a goal
 11. move into a desired direction of discourse
 12. have certain properties when driven
 13. work as a driver
 14. move by being propelled by a force
 15. urge forward
 16. proceed along in a vehicle
 17. strike with a driver, as in teeing off
 18. hit very hard, as by swinging a bat horizontally
 19. excavate horizontally
 20. cause to function by supplying the force or power for or by controlling
 21. hunting: search for game
 22. hunting: chase from cover into more open ground
---
Generate a natural ambiguous sentence using polysemous word 'drive' once so that the sentence can be interpreted in more than one meaning.
In the generated sentence, the verb 'drive' should be interpreted as 'excavate horizontally'. However, the sentence should not imply any of the given definitions too strongly. The sentence should be natural and commonly used in daily life.
Suggest your final sentence in the format 'Generated Sentence: [your sentence]'. Do not include any explanation, and end your generation after providing the sentence."
3754,cull,'collect' is a hypernym of the specific sense of 'cull'.,"{""n"": [""the person or thing that is rejected or set aside as inferior in quality""], ""v"": [""remove something that has been rejected"", ""look for and gather""]}",image.11104.jpg,v,1.0,"the verb 'cull' that can be interpreted as:
 1. remove something that has been rejected
 2. look for and gather
---
Generate a natural ambiguous sentence using polysemous word 'cull' once so that the sentence can be interpreted in more than one meaning.
In the generated sentence, the verb 'cull' should be interpreted as 'remove something that has been rejected'. However, the sentence should not imply any of the given definitions too strongly. The sentence should be natural and commonly used in daily life.
Suggest your final sentence in the format 'Generated Sentence: [your sentence]'. Do not include any explanation, and end your generation after providing the sentence."
3756,nourish,'provide' is a hypernym of the specific sense of 'nourish'.,"{""v"": [""provide with nourishment"", ""give nourishment to""]}",image.10961.jpg,v,2.0,"the verb 'nourish' that can be interpreted as:
 1. provide with nourishment
 2. give nourishment to
---
Generate a natural ambiguous sentence using polysemous word 'nourish' once so that the sentence can be interpreted in more than one meaning.
In the generated sentence, the verb 'nourish' should be interpreted as 'give nourishment to'. However, the sentence should not imply any of the given definitions too strongly. The sentence should be natural and commonly used in daily life.
Suggest your final sentence in the format 'Generated Sentence: [your sentence]'. Do not include any explanation, and end your generation after providing the sentence."
3770,huckleberry,'shrub' is a hypernym of the specific sense of 'huckleberry'.,"{""n"": [""any of various dark-fruited as distinguished from blue-fruited blueberries"", ""any of several shrubs of the genus Gaylussacia bearing small berries resembling blueberries"", ""blue-black berry similar to blueberries and bilberries of the eastern United States""]}",image.6427.jpg,n,3.0,"the noun 'huckleberry' that can be interpreted as:
 1. any of various dark-fruited as distinguished from blue-fruited blueberries
 2. any of several shrubs of the genus Gaylussacia bearing small berries resembling blueberries
 3. blue-black berry similar to blueberries and bilberries of the eastern United States
---
Generate a natural ambiguous sentence using polysemous word 'huckleberry' once so that the sentence can be interpreted in more than one meaning.
In the generated sentence, the noun 'huckleberry' should be interpreted as 'blue-black berry similar to blueberries and bilberries of the eastern United States'. However, the sentence should not imply any of the given definitions too strongly. The sentence should be natural and commonly used in daily life.
Suggest your final sentence in the format 'Generated Sentence: [your sentence]'. Do not include any explanation, and end your generation after providing the sentence."
3808,sunset,'hour' is a hypernym of the specific sense of 'sunset'.,"{""n"": [""the time in the evening at which the sun begins to fall below the horizon"", ""atmospheric phenomena accompanying the daily disappearance of the sun"", ""the daily event of the sun sinking below the horizon""], ""a"": [""of a declining industry or technology"", ""providing for termination""]}",image.11278.jpg,n,3.0,"the noun 'sunset' that can be interpreted as:
 1. the time in the evening at which the sun begins to fall below the horizon
 2. atmospheric phenomena accompanying the daily disappearance of the sun
 3. the daily event of the sun sinking below the horizon
---
Generate a natural ambiguous sentence using polysemous word 'sunset' once so that the sentence can be interpreted in more than one meaning.
In the generated sentence, the noun 'sunset' should be interpreted as 'the daily event of the sun sinking below the horizon'. However, the sentence should not imply any of the given definitions too strongly. The sentence should be natural and commonly used in daily life.
Suggest your final sentence in the format 'Generated Sentence: [your sentence]'. Do not include any explanation, and end your generation after providing the sentence."
3853,garage,'station' is a hypernym of the specific sense of 'garage'.,"{""n"": [""an outbuilding (or part of a building) for housing automobiles"", ""a repair shop where cars and trucks are serviced and repaired""], ""v"": [""keep or store in a garage""]}",image.6909.jpg,n,1.0,"the noun 'garage' that can be interpreted as:
 1. an outbuilding (or part of a building) for housing automobiles
 2. a repair shop where cars and trucks are serviced and repaired
---
Generate a natural ambiguous sentence using polysemous word 'garage' once so that the sentence can be interpreted in more than one meaning.
In the generated sentence, the noun 'garage' should be interpreted as 'an outbuilding (or part of a building) for housing automobiles'. However, the sentence should not imply any of the given definitions too strongly. The sentence should be natural and commonly used in daily life.
Suggest your final sentence in the format 'Generated Sentence: [your sentence]'. Do not include any explanation, and end your generation after providing the sentence."
3864,fielding,'handling' is a hypernym of the specific sense of 'fielding'.,"{""n"": [""(baseball) handling the ball while playing in the field"", ""English novelist and dramatist (1707-1754)""], ""v"": [""catch or pick up (balls) in baseball or cricket"", ""play as a fielder"", ""answer adequately or successfully"", ""select (a team or individual player) for a game""]}",image.407.jpg,v,1.0,"the verb 'fielding' that can be interpreted as:
 1. catch or pick up (balls) in baseball or cricket
 2. play as a fielder
 3. answer adequately or successfully
 4. select (a team or individual player) for a game
---
Generate a natural ambiguous sentence using polysemous word 'fielding' once so that the sentence can be interpreted in more than one meaning.
In the generated sentence, the verb 'fielding' should be interpreted as 'catch or pick up (balls) in baseball or cricket'. However, the sentence should not imply any of the given definitions too strongly. The sentence should be natural and commonly used in daily life.
Suggest your final sentence in the format 'Generated Sentence: [your sentence]'. Do not include any explanation, and end your generation after providing the sentence."
3953,sail,'journey' is a hypernym of the specific sense of 'sail'.,"{""n"": [""a large piece of fabric (usually canvas fabric) by means of which wind is used to propel a sailing vessel"", ""an ocean trip taken for pleasure"", ""any structure that resembles a sail""], ""v"": [""traverse or travel on (a body of water)"", ""move with sweeping, effortless, gliding motions"", ""travel on water propelled by wind"", ""travel on water propelled by wind or by other means""]}",image.9929.jpg,v,1.0,"the verb 'sail' that can be interpreted as:
 1. traverse or travel on (a body of water)
 2. move with sweeping, effortless, gliding motions
 3. travel on water propelled by wind
 4. travel on water propelled by wind or by other means
---
Generate a natural ambiguous sentence using polysemous word 'sail' once so that the sentence can be interpreted in more than one meaning.
In the generated sentence, the verb 'sail' should be interpreted as 'traverse or travel on (a body of water)'. However, the sentence should not imply any of the given definitions too strongly. The sentence should be natural and commonly used in daily life.
Suggest your final sentence in the format 'Generated Sentence: [your sentence]'. Do not include any explanation, and end your generation after providing the sentence."
3976,sciatic,'nerve' is a hypernym of the specific sense of 'sciatic'.,"{""a"": [""relating to or caused by or afflicted with sciatica"", ""of or relating to the ischium (or the part of the hipbone containing it)""]}",image.4344.jpg,a,1.0,"the adjective 'sciatic' that can be interpreted as:
 1. relating to or caused by or afflicted with sciatica
 2. of or relating to the ischium (or the part of the hipbone containing it)
---
Generate a natural ambiguous sentence using polysemous word 'sciatic' once so that the sentence can be interpreted in more than one meaning.
In the generated sentence, the adjective 'sciatic' should be interpreted as 'relating to or caused by or afflicted with sciatica'. However, the sentence should not imply any of the given definitions too strongly. The sentence should be natural and commonly used in daily life.
Suggest your final sentence in the format 'Generated Sentence: [your sentence]'. Do not include any explanation, and end your generation after providing the sentence."
4071,wisdom,'know-how' is a hypernym of the specific sense of 'wisdom'.,"{""n"": [""accumulated knowledge or erudition or enlightenment"", ""the trait of utilizing knowledge and experience with common sense and insight"", ""ability to apply knowledge or experience or understanding or common sense and insight"", ""the quality of being prudent and sensible"", ""an Apocryphal book consisting mainly of a meditation on wisdom; although ascribed to Solomon it was probably written in the first century BC""]}",image.13063.jpg,n,3.0,"the noun 'wisdom' that can be interpreted as:
 1. accumulated knowledge or erudition or enlightenment
 2. the trait of utilizing knowledge and experience with common sense and insight
 3. ability to apply knowledge or experience or understanding or common sense and insight
 4. the quality of being prudent and sensible
 5. an Apocryphal book consisting mainly of a meditation on wisdom; although ascribed to Solomon it was probably written in the first century BC
---
Generate a natural ambiguous sentence using polysemous word 'wisdom' once so that the sentence can be interpreted in more than one meaning.
In the generated sentence, the noun 'wisdom' should be interpreted as 'ability to apply knowledge or experience or understanding or common sense and insight'. However, the sentence should not imply any of the given definitions too strongly. The sentence should be natural and commonly used in daily life.
Suggest your final sentence in the format 'Generated Sentence: [your sentence]'. Do not include any explanation, and end your generation after providing the sentence."
4072,transformation,'integrity' is a hypernym of the specific sense of 'transformation'.,"{""n"": [""a qualitative change"", ""(mathematics) a function that changes the position or direction of the axes of a coordinate system"", ""a rule describing the conversion of one syntactic structure into another related syntactic structure"", ""(genetics) modification of a cell or bacterium by the uptake and incorporation of exogenous DNA"", ""the act of changing in form or shape or appearance""]}",image.6957.jpg,n,4.0,"the noun 'transformation' that can be interpreted as:
 1. a qualitative change
 2. (mathematics) a function that changes the position or direction of the axes of a coordinate system
 3. a rule describing the conversion of one syntactic structure into another related syntactic structure
 4. (genetics) modification of a cell or bacterium by the uptake and incorporation of exogenous DNA
 5. the act of changing in form or shape or appearance
---
Generate a natural ambiguous sentence using polysemous word 'transformation' once so that the sentence can be interpreted in more than one meaning.
In the generated sentence, the noun 'transformation' should be interpreted as '(genetics) modification of a cell or bacterium by the uptake and incorporation of exogenous DNA'. However, the sentence should not imply any of the given definitions too strongly. The sentence should be natural and commonly used in daily life.
Suggest your final sentence in the format 'Generated Sentence: [your sentence]'. Do not include any explanation, and end your generation after providing the sentence."
4121,pimpernel,'herb' is a hypernym of the specific sense of 'pimpernel'.,"{""n"": [""European garden herb with purple-tinged flowers and leaves that are sometimes used for salads"", ""any of several plants of the genus Anagallis""]}",image.578.jpg,n,1.0,"the noun 'pimpernel' that can be interpreted as:
 1. European garden herb with purple-tinged flowers and leaves that are sometimes used for salads
 2. any of several plants of the genus Anagallis
---
Generate a natural ambiguous sentence using polysemous word 'pimpernel' once so that the sentence can be interpreted in more than one meaning.
In the generated sentence, the noun 'pimpernel' should be interpreted as 'European garden herb with purple-tinged flowers and leaves that are sometimes used for salads'. However, the sentence should not imply any of the given definitions too strongly. The sentence should be natural and commonly used in daily life.
Suggest your final sentence in the format 'Generated Sentence: [your sentence]'. Do not include any explanation, and end your generation after providing the sentence."
4282,brooklime,'helophyte' is a hypernym of the specific sense of 'brooklime'.,"{""n"": [""European plant having low-lying stems with blue flowers; sparsely naturalized in North America"", ""plant of western North America and northeastern Asia having prostrate stems with dense racemes of pale violet to lilac flowers""]}",image.5032.jpg,n,2.0,"the noun 'brooklime' that can be interpreted as:
 1. European plant having low-lying stems with blue flowers; sparsely naturalized in North America
 2. plant of western North America and northeastern Asia having prostrate stems with dense racemes of pale violet to lilac flowers
---
Generate a natural ambiguous sentence using polysemous word 'brooklime' once so that the sentence can be interpreted in more than one meaning.
In the generated sentence, the noun 'brooklime' should be interpreted as 'plant of western North America and northeastern Asia having prostrate stems with dense racemes of pale violet to lilac flowers'. However, the sentence should not imply any of the given definitions too strongly. The sentence should be natural and commonly used in daily life.
Suggest your final sentence in the format 'Generated Sentence: [your sentence]'. Do not include any explanation, and end your generation after providing the sentence."
4345,baking,'materials' is a hypernym of the specific sense of 'baking'.,"{""n"": [""making bread or cake or pastry etc."", ""cooking by dry heat in an oven""], ""v"": [""cook and make edible by putting in a hot oven"", ""prepare with dry heat in an oven"", ""heat by a natural force"", ""be very hot, due to hot weather or exposure to the sun""], ""a"": [""as hot as if in an oven""]}",image.11463.jpg,v,2.0,"the verb 'baking' that can be interpreted as:
 1. cook and make edible by putting in a hot oven
 2. prepare with dry heat in an oven
 3. heat by a natural force
 4. be very hot, due to hot weather or exposure to the sun
---
Generate a natural ambiguous sentence using polysemous word 'baking' once so that the sentence can be interpreted in more than one meaning.
In the generated sentence, the verb 'baking' should be interpreted as 'prepare with dry heat in an oven'. However, the sentence should not imply any of the given definitions too strongly. The sentence should be natural and commonly used in daily life.
Suggest your final sentence in the format 'Generated Sentence: [your sentence]'. Do not include any explanation, and end your generation after providing the sentence."
4553,marrow,'vine' is a hypernym of the specific sense of 'marrow'.,"{""n"": [""the fatty network of connective tissue that fills the cavities of bones"", ""any of various squash plants grown for their elongated fruit with smooth dark green skin and whitish flesh"", ""very tender and very nutritious tissue from marrowbones"", ""large elongated squash with creamy to deep green skins"", ""the choicest or most essential or most vital part of some idea or experience""]}",image.12971.jpg,n,2.0,"the noun 'marrow' that can be interpreted as:
 1. the fatty network of connective tissue that fills the cavities of bones
 2. any of various squash plants grown for their elongated fruit with smooth dark green skin and whitish flesh
 3. very tender and very nutritious tissue from marrowbones
 4. large elongated squash with creamy to deep green skins
 5. the choicest or most essential or most vital part of some idea or experience
---
Generate a natural ambiguous sentence using polysemous word 'marrow' once so that the sentence can be interpreted in more than one meaning.
In the generated sentence, the noun 'marrow' should be interpreted as 'any of various squash plants grown for their elongated fruit with smooth dark green skin and whitish flesh'. However, the sentence should not imply any of the given definitions too strongly. The sentence should be natural and commonly used in daily life.
Suggest your final sentence in the format 'Generated Sentence: [your sentence]'. Do not include any explanation, and end your generation after providing the sentence."
4579,irony,'trope' is a hypernym of the specific sense of 'irony'.,"{""n"": [""witty language used to convey insults or scorn; ; ; --Jonathan Swift"", ""incongruity between what might be expected and what actually occurs"", ""a trope that involves incongruity between what is expected and what occurs""]}",image.13669.jpg,n,3.0,"the noun 'irony' that can be interpreted as:
 1. witty language used to convey insults or scorn; ; ; --Jonathan Swift
 2. incongruity between what might be expected and what actually occurs
 3. a trope that involves incongruity between what is expected and what occurs
---
Generate a natural ambiguous sentence using polysemous word 'irony' once so that the sentence can be interpreted in more than one meaning.
In the generated sentence, the noun 'irony' should be interpreted as 'a trope that involves incongruity between what is expected and what occurs'. However, the sentence should not imply any of the given definitions too strongly. The sentence should be natural and commonly used in daily life.
Suggest your final sentence in the format 'Generated Sentence: [your sentence]'. Do not include any explanation, and end your generation after providing the sentence."
4654,clean,'remove' is a hypernym of the specific sense of 'clean'.,"{""n"": [""a weightlift in which the barbell is lifted to shoulder height and then jerked overhead""], ""v"": [""make clean by removing dirt, filth, or unwanted substances from"", ""remove unwanted substances from, such as feathers or pits"", ""clean and tidy up the house"", ""clean one's body or parts thereof, as by washing"", ""be cleanable"", ""deprive wholly of money in a gambling game, robbery, etc."", ""remove all contents or possession from, or empty completely"", ""remove while making clean"", ""remove unwanted substances from"", ""remove shells or husks from""], ""a"": [""free from dirt or impurities; or having clean habits"", ""free of restrictions or qualifications"", ""(of sound or color) free from anything that dulls or dims"", ""free from impurities"", ""(of a record) having no marks of discredit or offense"", ""ritually clean or pure"", ""not spreading pollution or contamination; especially radioactive contamination"", ""(of behavior or especially language) free from objectionable elements; fit for all observers"", ""free from sepsis or infection"", ""morally pure"", ""(of a manuscript) having few alterations or corrections"", ""(of a surface) not written or printed on"", ""exhibiting or calling for sportsmanship or fair play"", ""without difficulties or problems"", ""thorough and without qualification"", ""not carrying concealed weapons"", ""free from clumsiness; precisely or deftly executed"", ""free of drugs""], ""r"": [""completely; used as intensifiers"", ""in conformity with the rules or laws and without fraud or cheating""]}",image.5997.jpg,v,9.0,"the verb 'clean' that can be interpreted as:
 1. make clean by removing dirt, filth, or unwanted substances from
 2. remove unwanted substances from, such as feathers or pits
 3. clean and tidy up the house
 4. clean one's body or parts thereof, as by washing
 5. be cleanable
 6. deprive wholly of money in a gambling game, robbery, etc.
 7. remove all contents or possession from, or empty completely
 8. remove while making clean
 9. remove unwanted substances from
 10. remove shells or husks from
---
Generate a natural ambiguous sentence using polysemous word 'clean' once so that the sentence can be interpreted in more than one meaning.
In the generated sentence, the verb 'clean' should be interpreted as 'remove unwanted substances from'. However, the sentence should not imply any of the given definitions too strongly. The sentence should be natural and commonly used in daily life.
Suggest your final sentence in the format 'Generated Sentence: [your sentence]'. Do not include any explanation, and end your generation after providing the sentence."
4659,aiglet,'braid' is a hypernym of the specific sense of 'aiglet'.,"{""n"": [""metal or plastic sheath over the end of a shoelace or ribbon"", ""ornamental tagged cord or braid on the shoulder of a uniform""]}",image.4369.jpg,n,2.0,"the noun 'aiglet' that can be interpreted as:
 1. metal or plastic sheath over the end of a shoelace or ribbon
 2. ornamental tagged cord or braid on the shoulder of a uniform
---
Generate a natural ambiguous sentence using polysemous word 'aiglet' once so that the sentence can be interpreted in more than one meaning.
In the generated sentence, the noun 'aiglet' should be interpreted as 'ornamental tagged cord or braid on the shoulder of a uniform'. However, the sentence should not imply any of the given definitions too strongly. The sentence should be natural and commonly used in daily life.
Suggest your final sentence in the format 'Generated Sentence: [your sentence]'. Do not include any explanation, and end your generation after providing the sentence."
4679,aglet,'sheath' is a hypernym of the specific sense of 'aglet'.,"{""n"": [""metal or plastic sheath over the end of a shoelace or ribbon"", ""ornamental tagged cord or braid on the shoulder of a uniform""]}",image.1223.jpg,n,2.0,"the noun 'aglet' that can be interpreted as:
 1. metal or plastic sheath over the end of a shoelace or ribbon
 2. ornamental tagged cord or braid on the shoulder of a uniform
---
Generate a natural ambiguous sentence using polysemous word 'aglet' once so that the sentence can be interpreted in more than one meaning.
In the generated sentence, the noun 'aglet' should be interpreted as 'ornamental tagged cord or braid on the shoulder of a uniform'. However, the sentence should not imply any of the given definitions too strongly. The sentence should be natural and commonly used in daily life.
Suggest your final sentence in the format 'Generated Sentence: [your sentence]'. Do not include any explanation, and end your generation after providing the sentence."
4722,weakfish,'trout' is a hypernym of the specific sense of 'weakfish'.,"{""n"": [""lean flesh of food and game fishes of the Atlantic coast of the United States"", ""food and game fish of North American coastal waters with a mouth from which hooks easily tear out""]}",image.7590.jpg,n,2.0,"the noun 'weakfish' that can be interpreted as:
 1. lean flesh of food and game fishes of the Atlantic coast of the United States
 2. food and game fish of North American coastal waters with a mouth from which hooks easily tear out
---
Generate a natural ambiguous sentence using polysemous word 'weakfish' once so that the sentence can be interpreted in more than one meaning.
In the generated sentence, the noun 'weakfish' should be interpreted as 'food and game fish of North American coastal waters with a mouth from which hooks easily tear out'. However, the sentence should not imply any of the given definitions too strongly. The sentence should be natural and commonly used in daily life.
Suggest your final sentence in the format 'Generated Sentence: [your sentence]'. Do not include any explanation, and end your generation after providing the sentence."
4773,cage,'bearing' is a hypernym of the specific sense of 'cage'.,"{""n"": [""an enclosure made or wire or metal bars in which birds or animals can be kept"", ""something that restricts freedom as a cage restricts movement"", ""United States composer of avant-garde music (1912-1992)"", ""the net that is the goal in ice hockey"", ""a movable screen placed behind home base to catch balls during batting practice""], ""v"": [""confine in a cage""]}",image.7489.jpg,n,2.0,"the noun 'cage' that can be interpreted as:
 1. an enclosure made or wire or metal bars in which birds or animals can be kept
 2. something that restricts freedom as a cage restricts movement
 3. United States composer of avant-garde music (1912-1992)
 4. the net that is the goal in ice hockey
 5. a movable screen placed behind home base to catch balls during batting practice
---
Generate a natural ambiguous sentence using polysemous word 'cage' once so that the sentence can be interpreted in more than one meaning.
In the generated sentence, the noun 'cage' should be interpreted as 'something that restricts freedom as a cage restricts movement'. However, the sentence should not imply any of the given definitions too strongly. The sentence should be natural and commonly used in daily life.
Suggest your final sentence in the format 'Generated Sentence: [your sentence]'. Do not include any explanation, and end your generation after providing the sentence."
4784,candlepins,'bowling' is a hypernym of the specific sense of 'candlepins'.,"{""n"": [""a bowling game using slender bowling pins"", ""a bowling pin that is thin by comparison with a tenpin""]}",image.4620.jpg,n,2.0,"the noun 'candlepins' that can be interpreted as:
 1. a bowling game using slender bowling pins
 2. a bowling pin that is thin by comparison with a tenpin
---
Generate a natural ambiguous sentence using polysemous word 'candlepins' once so that the sentence can be interpreted in more than one meaning.
In the generated sentence, the noun 'candlepins' should be interpreted as 'a bowling pin that is thin by comparison with a tenpin'. However, the sentence should not imply any of the given definitions too strongly. The sentence should be natural and commonly used in daily life.
Suggest your final sentence in the format 'Generated Sentence: [your sentence]'. Do not include any explanation, and end your generation after providing the sentence."
4857,depression,'md-nos' is a hypernym of the specific sense of 'depression'.,"{""n"": [""a mental state characterized by a pessimistic sense of inadequacy and a despondent lack of activity"", ""a long-term economic state characterized by unemployment and low prices and low levels of trade and investment"", ""a sunken or depressed geological formation"", ""sad feelings of gloom and inadequacy"", ""a period during the 1930s when there was a worldwide economic depression and mass unemployment"", ""an air mass of lower pressure; often brings precipitation"", ""a state of depression and anhedonia so severe as to require clinical intervention"", ""a concavity in a surface produced by pressing"", ""angular distance below the horizon (especially of a celestial object)"", ""pushing down""]}",image.10054.jpg,n,1.0,"the noun 'depression' that can be interpreted as:
 1. a mental state characterized by a pessimistic sense of inadequacy and a despondent lack of activity
 2. a long-term economic state characterized by unemployment and low prices and low levels of trade and investment
 3. a sunken or depressed geological formation
 4. sad feelings of gloom and inadequacy
 5. a period during the 1930s when there was a worldwide economic depression and mass unemployment
 6. an air mass of lower pressure; often brings precipitation
 7. a state of depression and anhedonia so severe as to require clinical intervention
 8. a concavity in a surface produced by pressing
 9. angular distance below the horizon (especially of a celestial object)
 10. pushing down
---
Generate a natural ambiguous sentence using polysemous word 'depression' once so that the sentence can be interpreted in more than one meaning.
In the generated sentence, the noun 'depression' should be interpreted as 'a mental state characterized by a pessimistic sense of inadequacy and a despondent lack of activity'. However, the sentence should not imply any of the given definitions too strongly. The sentence should be natural and commonly used in daily life.
Suggest your final sentence in the format 'Generated Sentence: [your sentence]'. Do not include any explanation, and end your generation after providing the sentence."
4917,dewberry,'blackberry' is a hypernym of the specific sense of 'dewberry'.,"{""n"": [""any of several trailing blackberry brambles especially of North America"", ""blackberry-like fruits of any of several trailing blackberry bushes""]}",image.14465.jpg,n,1.0,"the noun 'dewberry' that can be interpreted as:
 1. any of several trailing blackberry brambles especially of North America
 2. blackberry-like fruits of any of several trailing blackberry bushes
---
Generate a natural ambiguous sentence using polysemous word 'dewberry' once so that the sentence can be interpreted in more than one meaning.
In the generated sentence, the noun 'dewberry' should be interpreted as 'any of several trailing blackberry brambles especially of North America'. However, the sentence should not imply any of the given definitions too strongly. The sentence should be natural and commonly used in daily life.
Suggest your final sentence in the format 'Generated Sentence: [your sentence]'. Do not include any explanation, and end your generation after providing the sentence."
4921,intimacy,'friendliness' is a hypernym of the specific sense of 'intimacy'.,"{""n"": [""close or warm friendship"", ""a usually secretive or illicit sexual relationship"", ""a feeling of being intimate and belonging together""]}",image.6723.jpg,n,3.0,"the noun 'intimacy' that can be interpreted as:
 1. close or warm friendship
 2. a usually secretive or illicit sexual relationship
 3. a feeling of being intimate and belonging together
---
Generate a natural ambiguous sentence using polysemous word 'intimacy' once so that the sentence can be interpreted in more than one meaning.
In the generated sentence, the noun 'intimacy' should be interpreted as 'a feeling of being intimate and belonging together'. However, the sentence should not imply any of the given definitions too strongly. The sentence should be natural and commonly used in daily life.
Suggest your final sentence in the format 'Generated Sentence: [your sentence]'. Do not include any explanation, and end your generation after providing the sentence."
4931,marijuana,'cannabis' is a hypernym of the specific sense of 'marijuana'.,"{""n"": [""a strong-smelling plant from whose dried leaves a number of euphoriant and hallucinogenic drugs are prepared"", ""the most commonly used illicit drug; considered a soft drug, it consists of the dried leaves of the hemp plant; smoked or chewed for euphoric effect""]}",image.3500.jpg,n,1.0,"the noun 'marijuana' that can be interpreted as:
 1. a strong-smelling plant from whose dried leaves a number of euphoriant and hallucinogenic drugs are prepared
 2. the most commonly used illicit drug; considered a soft drug, it consists of the dried leaves of the hemp plant; smoked or chewed for euphoric effect
---
Generate a natural ambiguous sentence using polysemous word 'marijuana' once so that the sentence can be interpreted in more than one meaning.
In the generated sentence, the noun 'marijuana' should be interpreted as 'a strong-smelling plant from whose dried leaves a number of euphoriant and hallucinogenic drugs are prepared'. However, the sentence should not imply any of the given definitions too strongly. The sentence should be natural and commonly used in daily life.
Suggest your final sentence in the format 'Generated Sentence: [your sentence]'. Do not include any explanation, and end your generation after providing the sentence."
4984,mourn,'sorrow' is a hypernym of the specific sense of 'mourn'.,"{""v"": [""feel sadness"", ""observe the customs of mourning after the death of a loved one""]}",image.10416.jpg,v,1.0,"the verb 'mourn' that can be interpreted as:
 1. feel sadness
 2. observe the customs of mourning after the death of a loved one
---
Generate a natural ambiguous sentence using polysemous word 'mourn' once so that the sentence can be interpreted in more than one meaning.
In the generated sentence, the verb 'mourn' should be interpreted as 'feel sadness'. However, the sentence should not imply any of the given definitions too strongly. The sentence should be natural and commonly used in daily life.
Suggest your final sentence in the format 'Generated Sentence: [your sentence]'. Do not include any explanation, and end your generation after providing the sentence."
4989,athletics,'sport' is a hypernym of the specific sense of 'athletics'.,"{""n"": [""an active diversion requiring physical exertion and competition"", ""a contest between athletes"", ""participation in sports events as an extracurricular activity""]}",image.14563.jpg,n,1.0,"the noun 'athletics' that can be interpreted as:
 1. an active diversion requiring physical exertion and competition
 2. a contest between athletes
 3. participation in sports events as an extracurricular activity
---
Generate a natural ambiguous sentence using polysemous word 'athletics' once so that the sentence can be interpreted in more than one meaning.
In the generated sentence, the noun 'athletics' should be interpreted as 'an active diversion requiring physical exertion and competition'. However, the sentence should not imply any of the given definitions too strongly. The sentence should be natural and commonly used in daily life.
Suggest your final sentence in the format 'Generated Sentence: [your sentence]'. Do not include any explanation, and end your generation after providing the sentence."
5000,gait,'locomotion' is a hypernym of the specific sense of 'gait'.,"{""n"": [""the rate of moving (especially walking or running)"", ""a horse's manner of moving"", ""a person's manner of walking""]}",image.6355.jpg,n,3.0,"the noun 'gait' that can be interpreted as:
 1. the rate of moving (especially walking or running)
 2. a horse's manner of moving
 3. a person's manner of walking
---
Generate a natural ambiguous sentence using polysemous word 'gait' once so that the sentence can be interpreted in more than one meaning.
In the generated sentence, the noun 'gait' should be interpreted as 'a person's manner of walking'. However, the sentence should not imply any of the given definitions too strongly. The sentence should be natural and commonly used in daily life.
Suggest your final sentence in the format 'Generated Sentence: [your sentence]'. Do not include any explanation, and end your generation after providing the sentence."
5043,muscat,'vinifera' is a hypernym of the specific sense of 'muscat'.,"{""n"": [""any of several cultivated grapevines that produce sweet white grapes"", ""a port on the Gulf of Oman and capital of the sultanate of Oman"", ""wine from muscat grapes"", ""sweet aromatic grape used for raisins and wine""]}",image.1240.jpg,n,1.0,"the noun 'muscat' that can be interpreted as:
 1. any of several cultivated grapevines that produce sweet white grapes
 2. a port on the Gulf of Oman and capital of the sultanate of Oman
 3. wine from muscat grapes
 4. sweet aromatic grape used for raisins and wine
---
Generate a natural ambiguous sentence using polysemous word 'muscat' once so that the sentence can be interpreted in more than one meaning.
In the generated sentence, the noun 'muscat' should be interpreted as 'any of several cultivated grapevines that produce sweet white grapes'. However, the sentence should not imply any of the given definitions too strongly. The sentence should be natural and commonly used in daily life.
Suggest your final sentence in the format 'Generated Sentence: [your sentence]'. Do not include any explanation, and end your generation after providing the sentence."
5130,muscadine,'grape' is a hypernym of the specific sense of 'muscadine'.,"{""n"": [""native grape of southeastern United States; origin of many cultivated varieties"", ""dull-purple grape of southern United States""]}",image.4438.jpg,n,2.0,"the noun 'muscadine' that can be interpreted as:
 1. native grape of southeastern United States; origin of many cultivated varieties
 2. dull-purple grape of southern United States
---
Generate a natural ambiguous sentence using polysemous word 'muscadine' once so that the sentence can be interpreted in more than one meaning.
In the generated sentence, the noun 'muscadine' should be interpreted as 'dull-purple grape of southern United States'. However, the sentence should not imply any of the given definitions too strongly. The sentence should be natural and commonly used in daily life.
Suggest your final sentence in the format 'Generated Sentence: [your sentence]'. Do not include any explanation, and end your generation after providing the sentence."
5132,millet,'cereal' is a hypernym of the specific sense of 'millet'.,"{""n"": [""any of various small-grained annual cereal and forage grasses of the genera Panicum, Echinochloa, Setaria, Sorghum, and Eleusine"", ""French painter of rural scenes (1814-1875)"", ""small seed of any of various annual cereal grasses especially Setaria italica""]}",image.11472.jpg,n,3.0,"the noun 'millet' that can be interpreted as:
 1. any of various small-grained annual cereal and forage grasses of the genera Panicum, Echinochloa, Setaria, Sorghum, and Eleusine
 2. French painter of rural scenes (1814-1875)
 3. small seed of any of various annual cereal grasses especially Setaria italica
---
Generate a natural ambiguous sentence using polysemous word 'millet' once so that the sentence can be interpreted in more than one meaning.
In the generated sentence, the noun 'millet' should be interpreted as 'small seed of any of various annual cereal grasses especially Setaria italica'. However, the sentence should not imply any of the given definitions too strongly. The sentence should be natural and commonly used in daily life.
Suggest your final sentence in the format 'Generated Sentence: [your sentence]'. Do not include any explanation, and end your generation after providing the sentence."
5171,neritic,'seabed' is a hypernym of the specific sense of 'neritic'.,"{""a"": [""of or relating to the region of the sea over the continental shelf which is less than 200 meters deep"", ""relating to the region of shallow water adjoining the seacoast""]}",image.571.jpg,a,1.0,"the adjective 'neritic' that can be interpreted as:
 1. of or relating to the region of the sea over the continental shelf which is less than 200 meters deep
 2. relating to the region of shallow water adjoining the seacoast
---
Generate a natural ambiguous sentence using polysemous word 'neritic' once so that the sentence can be interpreted in more than one meaning.
In the generated sentence, the adjective 'neritic' should be interpreted as 'of or relating to the region of the sea over the continental shelf which is less than 200 meters deep'. However, the sentence should not imply any of the given definitions too strongly. The sentence should be natural and commonly used in daily life.
Suggest your final sentence in the format 'Generated Sentence: [your sentence]'. Do not include any explanation, and end your generation after providing the sentence."
5197,billabong,'lake' is a hypernym of the specific sense of 'billabong'.,"{""n"": [""a stagnant pool of water in the bed of a stream that flows intermittently"", ""a branch of a river made by water flowing from the main stream only when the water level is high""]}",image.5446.jpg,n,2.0,"the noun 'billabong' that can be interpreted as:
 1. a stagnant pool of water in the bed of a stream that flows intermittently
 2. a branch of a river made by water flowing from the main stream only when the water level is high
---
Generate a natural ambiguous sentence using polysemous word 'billabong' once so that the sentence can be interpreted in more than one meaning.
In the generated sentence, the noun 'billabong' should be interpreted as 'a branch of a river made by water flowing from the main stream only when the water level is high'. However, the sentence should not imply any of the given definitions too strongly. The sentence should be natural and commonly used in daily life.
Suggest your final sentence in the format 'Generated Sentence: [your sentence]'. Do not include any explanation, and end your generation after providing the sentence."
5218,nerd,'expert' is a hypernym of the specific sense of 'nerd'.,"{""n"": [""an insignificant student who is ridiculed as being affected or boringly studious"", ""an intelligent but single-minded expert in a particular technical field or profession""]}",image.12081.jpg,n,1.0,"the noun 'nerd' that can be interpreted as:
 1. an insignificant student who is ridiculed as being affected or boringly studious
 2. an intelligent but single-minded expert in a particular technical field or profession
---
Generate a natural ambiguous sentence using polysemous word 'nerd' once so that the sentence can be interpreted in more than one meaning.
In the generated sentence, the noun 'nerd' should be interpreted as 'an insignificant student who is ridiculed as being affected or boringly studious'. However, the sentence should not imply any of the given definitions too strongly. The sentence should be natural and commonly used in daily life.
Suggest your final sentence in the format 'Generated Sentence: [your sentence]'. Do not include any explanation, and end your generation after providing the sentence."
5270,columbarium,'vault' is a hypernym of the specific sense of 'columbarium'.,"{""n"": [""a birdhouse for pigeons"", ""a niche for a funeral urn containing the ashes of the cremated dead"", ""a sepulchral vault or other structure having recesses in the walls to receive cinerary urns""]}",image.11749.jpg,n,3.0,"the noun 'columbarium' that can be interpreted as:
 1. a birdhouse for pigeons
 2. a niche for a funeral urn containing the ashes of the cremated dead
 3. a sepulchral vault or other structure having recesses in the walls to receive cinerary urns
---
Generate a natural ambiguous sentence using polysemous word 'columbarium' once so that the sentence can be interpreted in more than one meaning.
In the generated sentence, the noun 'columbarium' should be interpreted as 'a sepulchral vault or other structure having recesses in the walls to receive cinerary urns'. However, the sentence should not imply any of the given definitions too strongly. The sentence should be natural and commonly used in daily life.
Suggest your final sentence in the format 'Generated Sentence: [your sentence]'. Do not include any explanation, and end your generation after providing the sentence."
5275,boil,'alter' is a hypernym of the specific sense of 'boil'.,"{""n"": [""a painful sore with a hard core filled with pus"", ""the temperature at which a liquid boils at sea level""], ""v"": [""come to the boiling point and change from a liquid to vapor"", ""immerse or be immersed in a boiling liquid, often for cooking purposes"", ""bring to, or maintain at, the boiling point"", ""be agitated"", ""be in an agitated emotional state""]}",image.8518.jpg,v,1.0,"the verb 'boil' that can be interpreted as:
 1. come to the boiling point and change from a liquid to vapor
 2. immerse or be immersed in a boiling liquid, often for cooking purposes
 3. bring to, or maintain at, the boiling point
 4. be agitated
 5. be in an agitated emotional state
---
Generate a natural ambiguous sentence using polysemous word 'boil' once so that the sentence can be interpreted in more than one meaning.
In the generated sentence, the verb 'boil' should be interpreted as 'come to the boiling point and change from a liquid to vapor'. However, the sentence should not imply any of the given definitions too strongly. The sentence should be natural and commonly used in daily life.
Suggest your final sentence in the format 'Generated Sentence: [your sentence]'. Do not include any explanation, and end your generation after providing the sentence."
5281,greed,'desire' is a hypernym of the specific sense of 'greed'.,"{""n"": [""excessive desire to acquire or possess more (especially more material wealth) than one needs or deserves"", ""reprehensible acquisitiveness; insatiable desire for wealth (personified as one of the deadly sins)""]}",image.5832.jpg,n,2.0,"the noun 'greed' that can be interpreted as:
 1. excessive desire to acquire or possess more (especially more material wealth) than one needs or deserves
 2. reprehensible acquisitiveness; insatiable desire for wealth (personified as one of the deadly sins)
---
Generate a natural ambiguous sentence using polysemous word 'greed' once so that the sentence can be interpreted in more than one meaning.
In the generated sentence, the noun 'greed' should be interpreted as 'reprehensible acquisitiveness; insatiable desire for wealth (personified as one of the deadly sins)'. However, the sentence should not imply any of the given definitions too strongly. The sentence should be natural and commonly used in daily life.
Suggest your final sentence in the format 'Generated Sentence: [your sentence]'. Do not include any explanation, and end your generation after providing the sentence."
5301,crappie,'sunfish' is a hypernym of the specific sense of 'crappie'.,"{""n"": [""small sunfishes of the genus Pomoxis of central United States rivers"", ""small sunfishes of central United States rivers""]}",image.4271.jpg,n,1.0,"the noun 'crappie' that can be interpreted as:
 1. small sunfishes of the genus Pomoxis of central United States rivers
 2. small sunfishes of central United States rivers
---
Generate a natural ambiguous sentence using polysemous word 'crappie' once so that the sentence can be interpreted in more than one meaning.
In the generated sentence, the noun 'crappie' should be interpreted as 'small sunfishes of the genus Pomoxis of central United States rivers'. However, the sentence should not imply any of the given definitions too strongly. The sentence should be natural and commonly used in daily life.
Suggest your final sentence in the format 'Generated Sentence: [your sentence]'. Do not include any explanation, and end your generation after providing the sentence."
5329,pedestal,'support' is a hypernym of the specific sense of 'pedestal'.,"{""n"": [""a support or foundation"", ""a position of great esteem (and supposed superiority)"", ""an architectural support or base (as for a column or statue)""]}",image.7599.jpg,n,3.0,"the noun 'pedestal' that can be interpreted as:
 1. a support or foundation
 2. a position of great esteem (and supposed superiority)
 3. an architectural support or base (as for a column or statue)
---
Generate a natural ambiguous sentence using polysemous word 'pedestal' once so that the sentence can be interpreted in more than one meaning.
In the generated sentence, the noun 'pedestal' should be interpreted as 'an architectural support or base (as for a column or statue)'. However, the sentence should not imply any of the given definitions too strongly. The sentence should be natural and commonly used in daily life.
Suggest your final sentence in the format 'Generated Sentence: [your sentence]'. Do not include any explanation, and end your generation after providing the sentence."
5394,plait,'tissue' is a hypernym of the specific sense of 'plait'.,"{""n"": [""a hairdo formed by braiding or twisting the hair"", ""any of various types of fold formed by doubling fabric back upon itself and then pressing or stitching into shape""], ""v"": [""make by braiding or interlacing"", ""weave into plaits""]}",image.11889.jpg,v,1.0,"the verb 'plait' that can be interpreted as:
 1. make by braiding or interlacing
 2. weave into plaits
---
Generate a natural ambiguous sentence using polysemous word 'plait' once so that the sentence can be interpreted in more than one meaning.
In the generated sentence, the verb 'plait' should be interpreted as 'make by braiding or interlacing'. However, the sentence should not imply any of the given definitions too strongly. The sentence should be natural and commonly used in daily life.
Suggest your final sentence in the format 'Generated Sentence: [your sentence]'. Do not include any explanation, and end your generation after providing the sentence."
5425,choose,'decide' is a hypernym of the specific sense of 'choose'.,"{""v"": [""pick out, select, or choose from a number of alternatives"", ""select as an alternative over another"", ""see fit or proper to act in a certain way; decide to act in a certain way""]}",image.7508.jpg,v,2.0,"the verb 'choose' that can be interpreted as:
 1. pick out, select, or choose from a number of alternatives
 2. select as an alternative over another
 3. see fit or proper to act in a certain way; decide to act in a certain way
---
Generate a natural ambiguous sentence using polysemous word 'choose' once so that the sentence can be interpreted in more than one meaning.
In the generated sentence, the verb 'choose' should be interpreted as 'select as an alternative over another'. However, the sentence should not imply any of the given definitions too strongly. The sentence should be natural and commonly used in daily life.
Suggest your final sentence in the format 'Generated Sentence: [your sentence]'. Do not include any explanation, and end your generation after providing the sentence."
5443,surrey,'carriage' is a hypernym of the specific sense of 'surrey'.,"{""n"": [""a county in southeastern England on the Thames"", ""a light four-wheeled horse-drawn carriage; has two or four seats""]}",image.11662.jpg,n,1.0,"the noun 'surrey' that can be interpreted as:
 1. a county in southeastern England on the Thames
 2. a light four-wheeled horse-drawn carriage; has two or four seats
---
Generate a natural ambiguous sentence using polysemous word 'surrey' once so that the sentence can be interpreted in more than one meaning.
In the generated sentence, the noun 'surrey' should be interpreted as 'a county in southeastern England on the Thames'. However, the sentence should not imply any of the given definitions too strongly. The sentence should be natural and commonly used in daily life.
Suggest your final sentence in the format 'Generated Sentence: [your sentence]'. Do not include any explanation, and end your generation after providing the sentence."
5471,set,'match' is a hypernym of the specific sense of 'set'.,"{""n"": [""a group of things of the same kind that belong together and are so used"", ""(mathematics) an abstract collection of numbers or symbols"", ""several exercises intended to be done in series"", ""representation consisting of the scenery and other properties used to identify the location of a dramatic production"", ""an unofficial association of people or groups"", ""a relatively permanent inclination to react in a particular way"", ""the act of putting something in position"", ""a unit of play in tennis or squash"", ""the process of becoming hard or solid by cooling or drying or crystallization"", ""evil Egyptian god with the head of a beast that has high square ears and a long snout; brother and murderer of Osiris"", ""the descent of a heavenly body below the horizon"", ""(psychology) being temporarily ready to respond in a particular way"", ""any electronic equipment that receives or transmits radio or tv signals""], ""v"": [""put into a certain place or abstract location"", ""fix conclusively or authoritatively"", ""decide upon or fix definitely"", ""establish as the highest level or best performance"", ""put into a certain state; cause to be in a certain state"", ""fix in a border"", ""make ready or suitable or equip in advance for a particular purpose or for some use, event, etc"", ""set to a certain position or cause to operate correctly"", ""locate"", ""disappear beyond the horizon"", ""adapt for performance in a different way"", ""put or set (seeds, seedlings, or plants) into the ground"", ""apply or start"", ""become gelatinous"", ""set in type"", ""put into a position that will restore a normal state"", ""insert (a nail or screw below the surface, as into a countersink)"", ""give a fine, sharp edge to a knife or razor"", ""urge to attack someone"", ""estimate"", ""equip with sails or masts"", ""get ready for a particular purpose or event"", ""alter or regulate so as to achieve accuracy or conform to a standard"", ""bear fruit"", ""arrange attractively""], ""a"": [""(usually followed by `to' or `for') on the point of or strongly disposed"", ""fixed and unmoving; ; - Connor Cruise O'Brien"", ""situated in a particular spot or position"", ""set down according to a plan:"", ""being below the horizon"", ""determined or decided upon as by an authority"", ""converted to solid form (as concrete)""]}",image.1862.jpg,n,1.0,"the noun 'set' that can be interpreted as:
 1. a group of things of the same kind that belong together and are so used
 2. (mathematics) an abstract collection of numbers or symbols
 3. several exercises intended to be done in series
 4. representation consisting of the scenery and other properties used to identify the location of a dramatic production
 5. an unofficial association of people or groups
 6. a relatively permanent inclination to react in a particular way
 7. the act of putting something in position
 8. a unit of play in tennis or squash
 9. the process of becoming hard or solid by cooling or drying or crystallization
 10. evil Egyptian god with the head of a beast that has high square ears and a long snout; brother and murderer of Osiris
 11. the descent of a heavenly body below the horizon
 12. (psychology) being temporarily ready to respond in a particular way
 13. any electronic equipment that receives or transmits radio or tv signals
---
Generate a natural ambiguous sentence using polysemous word 'set' once so that the sentence can be interpreted in more than one meaning.
In the generated sentence, the noun 'set' should be interpreted as 'a group of things of the same kind that belong together and are so used'. However, the sentence should not imply any of the given definitions too strongly. The sentence should be natural and commonly used in daily life.
Suggest your final sentence in the format 'Generated Sentence: [your sentence]'. Do not include any explanation, and end your generation after providing the sentence."
5489,touching,'deed' is a hypernym of the specific sense of 'touching'.,"{""n"": [""the event of something coming in contact with the body"", ""the act of putting two things together with no space between them""], ""v"": [""make physical contact with, come in contact with"", ""perceive via the tactile sense"", ""affect emotionally"", ""be relevant to"", ""be in direct physical contact with; make contact"", ""have an effect upon"", ""deal with; usually used with a form of negation"", ""cause to be in brief contact with"", ""to extend as far as"", ""be equal to in quality or ability"", ""tamper with"", ""make a more or less disguised reference to"", ""comprehend"", ""consume"", ""color lightly""], ""a"": [""arousing affect""]}",image.10176.jpg,v,5.0,"the verb 'touching' that can be interpreted as:
 1. make physical contact with, come in contact with
 2. perceive via the tactile sense
 3. affect emotionally
 4. be relevant to
 5. be in direct physical contact with; make contact
 6. have an effect upon
 7. deal with; usually used with a form of negation
 8. cause to be in brief contact with
 9. to extend as far as
 10. be equal to in quality or ability
 11. tamper with
 12. make a more or less disguised reference to
 13. comprehend
 14. consume
 15. color lightly
---
Generate a natural ambiguous sentence using polysemous word 'touching' once so that the sentence can be interpreted in more than one meaning.
In the generated sentence, the verb 'touching' should be interpreted as 'be in direct physical contact with; make contact'. However, the sentence should not imply any of the given definitions too strongly. The sentence should be natural and commonly used in daily life.
Suggest your final sentence in the format 'Generated Sentence: [your sentence]'. Do not include any explanation, and end your generation after providing the sentence."
5595,olive,'tree' is a hypernym of the specific sense of 'olive'.,"{""n"": [""small ovoid fruit of the European olive tree; important food and source of oil"", ""evergreen tree cultivated in the Mediterranean region since antiquity and now elsewhere; has edible shiny black fruits"", ""hard yellow often variegated wood of an olive tree; used in cabinetwork"", ""one-seeded fruit of the European olive tree usually pickled and used as a relish"", ""a yellow-green color of low brightness and saturation""], ""a"": [""of a yellow-green color similar to that of an unripe olive""]}",image.5575.jpg,n,1.0,"the noun 'olive' that can be interpreted as:
 1. small ovoid fruit of the European olive tree; important food and source of oil
 2. evergreen tree cultivated in the Mediterranean region since antiquity and now elsewhere; has edible shiny black fruits
 3. hard yellow often variegated wood of an olive tree; used in cabinetwork
 4. one-seeded fruit of the European olive tree usually pickled and used as a relish
 5. a yellow-green color of low brightness and saturation
---
Generate a natural ambiguous sentence using polysemous word 'olive' once so that the sentence can be interpreted in more than one meaning.
In the generated sentence, the noun 'olive' should be interpreted as 'small ovoid fruit of the European olive tree; important food and source of oil'. However, the sentence should not imply any of the given definitions too strongly. The sentence should be natural and commonly used in daily life.
Suggest your final sentence in the format 'Generated Sentence: [your sentence]'. Do not include any explanation, and end your generation after providing the sentence."
5680,sail,'journey' is a hypernym of the specific sense of 'sail'.,"{""n"": [""a large piece of fabric (usually canvas fabric) by means of which wind is used to propel a sailing vessel"", ""an ocean trip taken for pleasure"", ""any structure that resembles a sail""], ""v"": [""traverse or travel on (a body of water)"", ""move with sweeping, effortless, gliding motions"", ""travel on water propelled by wind"", ""travel on water propelled by wind or by other means""]}",image.4082.jpg,n,2.0,"the noun 'sail' that can be interpreted as:
 1. a large piece of fabric (usually canvas fabric) by means of which wind is used to propel a sailing vessel
 2. an ocean trip taken for pleasure
 3. any structure that resembles a sail
---
Generate a natural ambiguous sentence using polysemous word 'sail' once so that the sentence can be interpreted in more than one meaning.
In the generated sentence, the noun 'sail' should be interpreted as 'an ocean trip taken for pleasure'. However, the sentence should not imply any of the given definitions too strongly. The sentence should be natural and commonly used in daily life.
Suggest your final sentence in the format 'Generated Sentence: [your sentence]'. Do not include any explanation, and end your generation after providing the sentence."
5772,thalia,'grace' is a hypernym of the specific sense of 'thalia'.,"{""n"": [""(Greek mythology) the Muse of comedy and pastoral poetry"", ""(Greek mythology) one of the three Graces""]}",image.2747.jpg,n,1.0,"the noun 'thalia' that can be interpreted as:
 1. (Greek mythology) the Muse of comedy and pastoral poetry
 2. (Greek mythology) one of the three Graces
---
Generate a natural ambiguous sentence using polysemous word 'thalia' once so that the sentence can be interpreted in more than one meaning.
In the generated sentence, the noun 'thalia' should be interpreted as '(Greek mythology) the Muse of comedy and pastoral poetry'. However, the sentence should not imply any of the given definitions too strongly. The sentence should be natural and commonly used in daily life.
Suggest your final sentence in the format 'Generated Sentence: [your sentence]'. Do not include any explanation, and end your generation after providing the sentence."
5834,luminescence,'light' is a hypernym of the specific sense of 'luminescence'.,"{""n"": [""light not due to incandescence; occurs at low temperatures"", ""light from nonthermal sources""]}",image.9998.jpg,n,2.0,"the noun 'luminescence' that can be interpreted as:
 1. light not due to incandescence; occurs at low temperatures
 2. light from nonthermal sources
---
Generate a natural ambiguous sentence using polysemous word 'luminescence' once so that the sentence can be interpreted in more than one meaning.
In the generated sentence, the noun 'luminescence' should be interpreted as 'light from nonthermal sources'. However, the sentence should not imply any of the given definitions too strongly. The sentence should be natural and commonly used in daily life.
Suggest your final sentence in the format 'Generated Sentence: [your sentence]'. Do not include any explanation, and end your generation after providing the sentence."
5879,usury,'lending' is a hypernym of the specific sense of 'usury'.,"{""n"": [""an exorbitant or unlawful rate of interest"", ""the act of lending money at an exorbitant rate of interest""]}",image.6512.jpg,n,1.0,"the noun 'usury' that can be interpreted as:
 1. an exorbitant or unlawful rate of interest
 2. the act of lending money at an exorbitant rate of interest
---
Generate a natural ambiguous sentence using polysemous word 'usury' once so that the sentence can be interpreted in more than one meaning.
In the generated sentence, the noun 'usury' should be interpreted as 'an exorbitant or unlawful rate of interest'. However, the sentence should not imply any of the given definitions too strongly. The sentence should be natural and commonly used in daily life.
Suggest your final sentence in the format 'Generated Sentence: [your sentence]'. Do not include any explanation, and end your generation after providing the sentence."
5917,ams,'hypoxia' is a hypernym of the specific sense of 'ams'.,"{""n"": [""a radioactive transuranic metallic element; discovered by bombarding uranium with helium atoms"", ""a master's degree in arts and sciences"", ""modulation of the amplitude of the (radio) carrier wave""]}",image.3677.jpg,n,3.0,"the noun 'ams' that can be interpreted as:
 1. a radioactive transuranic metallic element; discovered by bombarding uranium with helium atoms
 2. a master's degree in arts and sciences
 3. modulation of the amplitude of the (radio) carrier wave
---
Generate a natural ambiguous sentence using polysemous word 'ams' once so that the sentence can be interpreted in more than one meaning.
In the generated sentence, the noun 'ams' should be interpreted as 'modulation of the amplitude of the (radio) carrier wave'. However, the sentence should not imply any of the given definitions too strongly. The sentence should be natural and commonly used in daily life.
Suggest your final sentence in the format 'Generated Sentence: [your sentence]'. Do not include any explanation, and end your generation after providing the sentence."
6010,stab,'thrust' is a hypernym of the specific sense of 'stab'.,"{""n"": [""a sudden sharp feeling"", ""a strong blow with a knife or other sharp pointed instrument"", ""informal words for any attempt or effort""], ""v"": [""use a knife on"", ""stab or pierce"", ""poke or thrust abruptly""]}",image.4553.jpg,v,1.0,"the verb 'stab' that can be interpreted as:
 1. use a knife on
 2. stab or pierce
 3. poke or thrust abruptly
---
Generate a natural ambiguous sentence using polysemous word 'stab' once so that the sentence can be interpreted in more than one meaning.
In the generated sentence, the verb 'stab' should be interpreted as 'use a knife on'. However, the sentence should not imply any of the given definitions too strongly. The sentence should be natural and commonly used in daily life.
Suggest your final sentence in the format 'Generated Sentence: [your sentence]'. Do not include any explanation, and end your generation after providing the sentence."
6068,cyclone,'atmosphere' is a hypernym of the specific sense of 'cyclone'.,"{""n"": [""(meteorology) rapid inward circulation of air masses about a low pressure center; circling counterclockwise in the northern hemisphere and clockwise in the southern"", ""a violent rotating windstorm""]}",image.958.jpg,n,2.0,"the noun 'cyclone' that can be interpreted as:
 1. (meteorology) rapid inward circulation of air masses about a low pressure center; circling counterclockwise in the northern hemisphere and clockwise in the southern
 2. a violent rotating windstorm
---
Generate a natural ambiguous sentence using polysemous word 'cyclone' once so that the sentence can be interpreted in more than one meaning.
In the generated sentence, the noun 'cyclone' should be interpreted as 'a violent rotating windstorm'. However, the sentence should not imply any of the given definitions too strongly. The sentence should be natural and commonly used in daily life.
Suggest your final sentence in the format 'Generated Sentence: [your sentence]'. Do not include any explanation, and end your generation after providing the sentence."
6077,tumbleweed,'shrub' is a hypernym of the specific sense of 'tumbleweed'.,"{""n"": [""any plant that breaks away from its roots in autumn and is driven by the wind as a light rolling mass"", ""prickly bushy Eurasian plant; a troublesome weed in central and western United States"", ""bushy annual weed of central North America having greenish flowers and winged seeds"", ""bushy plant of western United States""]}",image.10363.jpg,n,3.0,"the noun 'tumbleweed' that can be interpreted as:
 1. any plant that breaks away from its roots in autumn and is driven by the wind as a light rolling mass
 2. prickly bushy Eurasian plant; a troublesome weed in central and western United States
 3. bushy annual weed of central North America having greenish flowers and winged seeds
 4. bushy plant of western United States
---
Generate a natural ambiguous sentence using polysemous word 'tumbleweed' once so that the sentence can be interpreted in more than one meaning.
In the generated sentence, the noun 'tumbleweed' should be interpreted as 'bushy annual weed of central North America having greenish flowers and winged seeds'. However, the sentence should not imply any of the given definitions too strongly. The sentence should be natural and commonly used in daily life.
Suggest your final sentence in the format 'Generated Sentence: [your sentence]'. Do not include any explanation, and end your generation after providing the sentence."
6194,prostrate,'lie' is a hypernym of the specific sense of 'prostrate'.,"{""v"": [""get into a prostrate position, as in submission"", ""render helpless or defenseless"", ""throw down flat, as on the ground""], ""a"": [""stretched out and lying at full length along the ground"", ""lying face downward""]}",image.9365.jpg,a,2.0,"the adjective 'prostrate' that can be interpreted as:
 1. stretched out and lying at full length along the ground
 2. lying face downward
---
Generate a natural ambiguous sentence using polysemous word 'prostrate' once so that the sentence can be interpreted in more than one meaning.
In the generated sentence, the adjective 'prostrate' should be interpreted as 'lying face downward'. However, the sentence should not imply any of the given definitions too strongly. The sentence should be natural and commonly used in daily life.
Suggest your final sentence in the format 'Generated Sentence: [your sentence]'. Do not include any explanation, and end your generation after providing the sentence."
6210,supper,'meal' is a hypernym of the specific sense of 'supper'.,"{""n"": [""a light evening meal; served in early evening if dinner is at midday or served late in the evening at bedtime"", ""a social gathering where a light evening meal is served""]}",image.747.jpg,n,2.0,"the noun 'supper' that can be interpreted as:
 1. a light evening meal; served in early evening if dinner is at midday or served late in the evening at bedtime
 2. a social gathering where a light evening meal is served
---
Generate a natural ambiguous sentence using polysemous word 'supper' once so that the sentence can be interpreted in more than one meaning.
In the generated sentence, the noun 'supper' should be interpreted as 'a social gathering where a light evening meal is served'. However, the sentence should not imply any of the given definitions too strongly. The sentence should be natural and commonly used in daily life.
Suggest your final sentence in the format 'Generated Sentence: [your sentence]'. Do not include any explanation, and end your generation after providing the sentence."
6359,cowberry,'cranberry' is a hypernym of the specific sense of 'cowberry'.,"{""n"": [""low evergreen shrub of high north temperate regions of Europe and Asia and America bearing red edible berries"", ""tart red berries similar to American cranberries but smaller""]}",image.9212.jpg,n,2.0,"the noun 'cowberry' that can be interpreted as:
 1. low evergreen shrub of high north temperate regions of Europe and Asia and America bearing red edible berries
 2. tart red berries similar to American cranberries but smaller
---
Generate a natural ambiguous sentence using polysemous word 'cowberry' once so that the sentence can be interpreted in more than one meaning.
In the generated sentence, the noun 'cowberry' should be interpreted as 'tart red berries similar to American cranberries but smaller'. However, the sentence should not imply any of the given definitions too strongly. The sentence should be natural and commonly used in daily life.
Suggest your final sentence in the format 'Generated Sentence: [your sentence]'. Do not include any explanation, and end your generation after providing the sentence."
6406,get,'experience' is a hypernym of the specific sense of 'get'.,"{""n"": [""a return on a shot that seemed impossible to reach and would normally have resulted in a point for the opponent""], ""v"": [""come into the possession of something concrete or abstract"", ""enter or assume a certain state or condition"", ""cause to move; cause to be in a certain position or condition"", ""receive a specified treatment (abstract)"", ""reach a destination; arrive by movement or progress"", ""go or come after and bring or take back"", ""go through (mental or physical states or experiences)"", ""take vengeance on or get even"", ""achieve a point or goal"", ""cause to do; cause to act in a specified manner"", ""succeed in catching or seizing, especially after a chase"", ""come to have or undergo a change of (physical features and attributes)"", ""be stricken by an illness, fall victim to an illness"", ""communicate with a place or person; establish communication with, as if by telephone"", ""give certain properties to something"", ""move into a desired direction of discourse"", ""grasp with the mind or develop an understanding of"", ""attract and fix"", ""reach with a blow or hit in a particular spot"", ""reach by calculation"", ""acquire as a result of some effort or action"", ""purchase"", ""perceive by hearing"", ""suffer from the receipt of"", ""receive as a retribution or punishment"", ""leave immediately; used usually in the imperative form"", ""reach and board"", ""irritate"", ""evoke an emotional response"", ""apprehend and reproduce accurately"", ""earn or achieve a base by being walked by the pitcher"", ""overcome or destroy"", ""be a mystery or bewildering to"", ""take the first step or steps in carrying out an action"", ""undergo (as of injuries and illnesses)"", ""make children""]}",image.2556.jpg,v,7.0,"the verb 'get' that can be interpreted as:
 1. come into the possession of something concrete or abstract
 2. enter or assume a certain state or condition
 3. cause to move; cause to be in a certain position or condition
 4. receive a specified treatment (abstract)
 5. reach a destination; arrive by movement or progress
 6. go or come after and bring or take back
 7. go through (mental or physical states or experiences)
 8. take vengeance on or get even
 9. achieve a point or goal
 10. cause to do; cause to act in a specified manner
 11. succeed in catching or seizing, especially after a chase
 12. come to have or undergo a change of (physical features and attributes)
 13. be stricken by an illness, fall victim to an illness
 14. communicate with a place or person; establish communication with, as if by telephone
 15. give certain properties to something
 16. move into a desired direction of discourse
 17. grasp with the mind or develop an understanding of
 18. attract and fix
 19. reach with a blow or hit in a particular spot
 20. reach by calculation
 21. acquire as a result of some effort or action
 22. purchase
 23. perceive by hearing
 24. suffer from the receipt of
 25. receive as a retribution or punishment
 26. leave immediately; used usually in the imperative form
 27. reach and board
 28. irritate
 29. evoke an emotional response
 30. apprehend and reproduce accurately
 31. earn or achieve a base by being walked by the pitcher
 32. overcome or destroy
 33. be a mystery or bewildering to
 34. take the first step or steps in carrying out an action
 35. undergo (as of injuries and illnesses)
 36. make children
---
Generate a natural ambiguous sentence using polysemous word 'get' once so that the sentence can be interpreted in more than one meaning.
In the generated sentence, the verb 'get' should be interpreted as 'go through (mental or physical states or experiences)'. However, the sentence should not imply any of the given definitions too strongly. The sentence should be natural and commonly used in daily life.
Suggest your final sentence in the format 'Generated Sentence: [your sentence]'. Do not include any explanation, and end your generation after providing the sentence."
6486,marbles,'game' is a hypernym of the specific sense of 'marbles'.,"{""n"": [""a children's game played with little balls made of a hard substance (as glass)"", ""the basic human power of intelligent thought and perception"", ""a hard crystalline metamorphic rock that takes a high polish; used for sculpture and as building material"", ""a small ball of glass that is used in various games"", ""a sculpture carved from marble""], ""v"": [""paint or stain like marble""]}",image.8270.jpg,n,1.0,"the noun 'marbles' that can be interpreted as:
 1. a children's game played with little balls made of a hard substance (as glass)
 2. the basic human power of intelligent thought and perception
 3. a hard crystalline metamorphic rock that takes a high polish; used for sculpture and as building material
 4. a small ball of glass that is used in various games
 5. a sculpture carved from marble
---
Generate a natural ambiguous sentence using polysemous word 'marbles' once so that the sentence can be interpreted in more than one meaning.
In the generated sentence, the noun 'marbles' should be interpreted as 'a children's game played with little balls made of a hard substance (as glass)'. However, the sentence should not imply any of the given definitions too strongly. The sentence should be natural and commonly used in daily life.
Suggest your final sentence in the format 'Generated Sentence: [your sentence]'. Do not include any explanation, and end your generation after providing the sentence."
6517,tobacconist,'shop' is a hypernym of the specific sense of 'tobacconist'.,"{""n"": [""a retail dealer in tobacco and tobacco-related articles"", ""a shop that sells pipes and pipe tobacco and cigars and cigarettes""]}",image.2788.jpg,n,2.0,"the noun 'tobacconist' that can be interpreted as:
 1. a retail dealer in tobacco and tobacco-related articles
 2. a shop that sells pipes and pipe tobacco and cigars and cigarettes
---
Generate a natural ambiguous sentence using polysemous word 'tobacconist' once so that the sentence can be interpreted in more than one meaning.
In the generated sentence, the noun 'tobacconist' should be interpreted as 'a shop that sells pipes and pipe tobacco and cigars and cigarettes'. However, the sentence should not imply any of the given definitions too strongly. The sentence should be natural and commonly used in daily life.
Suggest your final sentence in the format 'Generated Sentence: [your sentence]'. Do not include any explanation, and end your generation after providing the sentence."
6673,poetry,'style' is a hypernym of the specific sense of 'poetry'.,"{""n"": [""literature in metrical form"", ""any communication resembling poetry in beauty or the evocation of feeling""]}",image.7333.jpg,n,2.0,"the noun 'poetry' that can be interpreted as:
 1. literature in metrical form
 2. any communication resembling poetry in beauty or the evocation of feeling
---
Generate a natural ambiguous sentence using polysemous word 'poetry' once so that the sentence can be interpreted in more than one meaning.
In the generated sentence, the noun 'poetry' should be interpreted as 'any communication resembling poetry in beauty or the evocation of feeling'. However, the sentence should not imply any of the given definitions too strongly. The sentence should be natural and commonly used in daily life.
Suggest your final sentence in the format 'Generated Sentence: [your sentence]'. Do not include any explanation, and end your generation after providing the sentence."
6716,nose,'chemoreceptor' is a hypernym of the specific sense of 'nose'.,"{""n"": [""the organ of smell and entrance to the respiratory tract; the prominent part of the face of man or other mammals"", ""a front that resembles a human nose (especially the front of an aircraft)"", ""the front or forward projection of a tool or weapon"", ""a small distance"", ""a symbol of inquisitiveness"", ""the sense of smell (especially in animals)"", ""a natural skill"", ""a projecting spout from which a fluid is discharged""], ""v"": [""search or inquire in a meddlesome way"", ""advance the forward part of with caution"", ""catch the scent of; get wind of"", ""push or move with the nose"", ""rub noses"", ""defeat by a narrow margin""]}",image.11896.jpg,n,1.0,"the noun 'nose' that can be interpreted as:
 1. the organ of smell and entrance to the respiratory tract; the prominent part of the face of man or other mammals
 2. a front that resembles a human nose (especially the front of an aircraft)
 3. the front or forward projection of a tool or weapon
 4. a small distance
 5. a symbol of inquisitiveness
 6. the sense of smell (especially in animals)
 7. a natural skill
 8. a projecting spout from which a fluid is discharged
---
Generate a natural ambiguous sentence using polysemous word 'nose' once so that the sentence can be interpreted in more than one meaning.
In the generated sentence, the noun 'nose' should be interpreted as 'the organ of smell and entrance to the respiratory tract; the prominent part of the face of man or other mammals'. However, the sentence should not imply any of the given definitions too strongly. The sentence should be natural and commonly used in daily life.
Suggest your final sentence in the format 'Generated Sentence: [your sentence]'. Do not include any explanation, and end your generation after providing the sentence."
6734,nasturtium,'genus' is a hypernym of the specific sense of 'nasturtium'.,"{""n"": [""any tropical American plant of the genus Tropaeolum having pungent juice and long-spurred yellow to red flowers"", ""aquatic herbs"", ""flowers and seeds and leaves all used as flavorings""]}",image.5944.jpg,n,1.0,"the noun 'nasturtium' that can be interpreted as:
 1. any tropical American plant of the genus Tropaeolum having pungent juice and long-spurred yellow to red flowers
 2. aquatic herbs
 3. flowers and seeds and leaves all used as flavorings
---
Generate a natural ambiguous sentence using polysemous word 'nasturtium' once so that the sentence can be interpreted in more than one meaning.
In the generated sentence, the noun 'nasturtium' should be interpreted as 'any tropical American plant of the genus Tropaeolum having pungent juice and long-spurred yellow to red flowers'. However, the sentence should not imply any of the given definitions too strongly. The sentence should be natural and commonly used in daily life.
Suggest your final sentence in the format 'Generated Sentence: [your sentence]'. Do not include any explanation, and end your generation after providing the sentence."
6789,dollar,'coin' is a hypernym of the specific sense of 'dollar'.,"{""n"": [""the basic monetary unit in many countries; equal to 100 cents"", ""a piece of paper money worth one dollar"", ""a United States coin worth one dollar"", ""a symbol of commercialism or greed""]}",image.8060.jpg,n,3.0,"the noun 'dollar' that can be interpreted as:
 1. the basic monetary unit in many countries; equal to 100 cents
 2. a piece of paper money worth one dollar
 3. a United States coin worth one dollar
 4. a symbol of commercialism or greed
---
Generate a natural ambiguous sentence using polysemous word 'dollar' once so that the sentence can be interpreted in more than one meaning.
In the generated sentence, the noun 'dollar' should be interpreted as 'a United States coin worth one dollar'. However, the sentence should not imply any of the given definitions too strongly. The sentence should be natural and commonly used in daily life.
Suggest your final sentence in the format 'Generated Sentence: [your sentence]'. Do not include any explanation, and end your generation after providing the sentence."
6924,woman,'adult' is a hypernym of the specific sense of 'woman'.,"{""n"": [""an adult female person (as opposed to a man)"", ""a female person who plays a significant role (wife or mistress or girlfriend) in the life of a particular man"", ""a human female employed to do housework"", ""women as a class""]}",image.12873.jpg,n,4.0,"the noun 'woman' that can be interpreted as:
 1. an adult female person (as opposed to a man)
 2. a female person who plays a significant role (wife or mistress or girlfriend) in the life of a particular man
 3. a human female employed to do housework
 4. women as a class
---
Generate a natural ambiguous sentence using polysemous word 'woman' once so that the sentence can be interpreted in more than one meaning.
In the generated sentence, the noun 'woman' should be interpreted as 'women as a class'. However, the sentence should not imply any of the given definitions too strongly. The sentence should be natural and commonly used in daily life.
Suggest your final sentence in the format 'Generated Sentence: [your sentence]'. Do not include any explanation, and end your generation after providing the sentence."
6935,shoot,'shot' is a hypernym of the specific sense of 'shoot'.,"{""n"": [""a new branch"", ""the act of shooting at targets""], ""v"": [""hit with a missile from a weapon"", ""kill by firing a missile"", ""fire a shot"", ""make a film or photograph of something"", ""send forth suddenly, intensely, swiftly"", ""run or move very quickly or hastily"", ""move quickly and violently"", ""throw or propel in a specific direction or towards a specific objective"", ""record on photographic film"", ""emit (as light, flame, or fumes) suddenly and forcefully"", ""cause a sharp and sudden pain in"", ""force or drive (a fluid or gas) into by piercing"", ""variegate by interweaving weft threads of different colors"", ""throw dice, as in a crap game"", ""spend frivolously and unwisely"", ""score"", ""utter fast and forcefully"", ""measure the altitude of by using a sextant"", ""produce buds, branches, or germinate"", ""give an injection to""]}",image.10623.jpg,v,5.0,"the verb 'shoot' that can be interpreted as:
 1. hit with a missile from a weapon
 2. kill by firing a missile
 3. fire a shot
 4. make a film or photograph of something
 5. send forth suddenly, intensely, swiftly
 6. run or move very quickly or hastily
 7. move quickly and violently
 8. throw or propel in a specific direction or towards a specific objective
 9. record on photographic film
 10. emit (as light, flame, or fumes) suddenly and forcefully
 11. cause a sharp and sudden pain in
 12. force or drive (a fluid or gas) into by piercing
 13. variegate by interweaving weft threads of different colors
 14. throw dice, as in a crap game
 15. spend frivolously and unwisely
 16. score
 17. utter fast and forcefully
 18. measure the altitude of by using a sextant
 19. produce buds, branches, or germinate
 20. give an injection to
---
Generate a natural ambiguous sentence using polysemous word 'shoot' once so that the sentence can be interpreted in more than one meaning.
In the generated sentence, the verb 'shoot' should be interpreted as 'send forth suddenly, intensely, swiftly'. However, the sentence should not imply any of the given definitions too strongly. The sentence should be natural and commonly used in daily life.
Suggest your final sentence in the format 'Generated Sentence: [your sentence]'. Do not include any explanation, and end your generation after providing the sentence."
6959,incarnation,'embodiment' is a hypernym of the specific sense of 'incarnation'.,"{""n"": [""a new personification of a familiar idea"", ""(Christianity) the Christian doctrine of the union of God and man in the person of Jesus Christ"", ""time passed in a particular bodily form"", ""the act of attributing human characteristics to abstract ideas etc.""]}",image.13625.jpg,n,1.0,"the noun 'incarnation' that can be interpreted as:
 1. a new personification of a familiar idea
 2. (Christianity) the Christian doctrine of the union of God and man in the person of Jesus Christ
 3. time passed in a particular bodily form
 4. the act of attributing human characteristics to abstract ideas etc.
---
Generate a natural ambiguous sentence using polysemous word 'incarnation' once so that the sentence can be interpreted in more than one meaning.
In the generated sentence, the noun 'incarnation' should be interpreted as 'a new personification of a familiar idea'. However, the sentence should not imply any of the given definitions too strongly. The sentence should be natural and commonly used in daily life.
Suggest your final sentence in the format 'Generated Sentence: [your sentence]'. Do not include any explanation, and end your generation after providing the sentence."
6961,panic,'fear' is a hypernym of the specific sense of 'panic'.,"{""n"": [""an overwhelming feeling of fear and anxiety"", ""sudden mass fear and anxiety over anticipated events""], ""v"": [""be overcome by a sudden fear"", ""cause sudden fear in or fill with sudden panic""]}",image.11336.jpg,v,1.0,"the verb 'panic' that can be interpreted as:
 1. be overcome by a sudden fear
 2. cause sudden fear in or fill with sudden panic
---
Generate a natural ambiguous sentence using polysemous word 'panic' once so that the sentence can be interpreted in more than one meaning.
In the generated sentence, the verb 'panic' should be interpreted as 'be overcome by a sudden fear'. However, the sentence should not imply any of the given definitions too strongly. The sentence should be natural and commonly used in daily life.
Suggest your final sentence in the format 'Generated Sentence: [your sentence]'. Do not include any explanation, and end your generation after providing the sentence."
6967,library,'assemblage' is a hypernym of the specific sense of 'library'.,"{""n"": [""a room where books are kept"", ""a collection of literary documents or records kept for reference or borrowing"", ""a depository built to contain books and other materials for reading and study"", ""(computing) a collection of standard programs and subroutines that are stored and available for immediate use"", ""a building that houses a collection of books and other materials""]}",image.7344.jpg,n,2.0,"the noun 'library' that can be interpreted as:
 1. a room where books are kept
 2. a collection of literary documents or records kept for reference or borrowing
 3. a depository built to contain books and other materials for reading and study
 4. (computing) a collection of standard programs and subroutines that are stored and available for immediate use
 5. a building that houses a collection of books and other materials
---
Generate a natural ambiguous sentence using polysemous word 'library' once so that the sentence can be interpreted in more than one meaning.
In the generated sentence, the noun 'library' should be interpreted as 'a collection of literary documents or records kept for reference or borrowing'. However, the sentence should not imply any of the given definitions too strongly. The sentence should be natural and commonly used in daily life.
Suggest your final sentence in the format 'Generated Sentence: [your sentence]'. Do not include any explanation, and end your generation after providing the sentence."
7000,orphan,'minor' is a hypernym of the specific sense of 'orphan'.,"{""n"": [""a child who has lost both parents"", ""someone or something who lacks support or care or supervision"", ""the first line of a paragraph that is set as the last line of a page or column"", ""a young animal without a mother""], ""v"": [""deprive of parents""]}",image.4657.jpg,n,1.0,"the noun 'orphan' that can be interpreted as:
 1. a child who has lost both parents
 2. someone or something who lacks support or care or supervision
 3. the first line of a paragraph that is set as the last line of a page or column
 4. a young animal without a mother
---
Generate a natural ambiguous sentence using polysemous word 'orphan' once so that the sentence can be interpreted in more than one meaning.
In the generated sentence, the noun 'orphan' should be interpreted as 'a child who has lost both parents'. However, the sentence should not imply any of the given definitions too strongly. The sentence should be natural and commonly used in daily life.
Suggest your final sentence in the format 'Generated Sentence: [your sentence]'. Do not include any explanation, and end your generation after providing the sentence."
7022,donation,'gift' is a hypernym of the specific sense of 'donation'.,"{""n"": [""a voluntary gift (as of money or service or ideas) made to some worthwhile cause"", ""act of giving in common with others for a common purpose especially to a charity""]}",image.12966.jpg,n,1.0,"the noun 'donation' that can be interpreted as:
 1. a voluntary gift (as of money or service or ideas) made to some worthwhile cause
 2. act of giving in common with others for a common purpose especially to a charity
---
Generate a natural ambiguous sentence using polysemous word 'donation' once so that the sentence can be interpreted in more than one meaning.
In the generated sentence, the noun 'donation' should be interpreted as 'a voluntary gift (as of money or service or ideas) made to some worthwhile cause'. However, the sentence should not imply any of the given definitions too strongly. The sentence should be natural and commonly used in daily life.
Suggest your final sentence in the format 'Generated Sentence: [your sentence]'. Do not include any explanation, and end your generation after providing the sentence."
7027,carrier,'deliveryman' is a hypernym of the specific sense of 'carrier'.,"{""n"": [""someone whose employment involves carrying something"", ""a self-propelled wheeled vehicle designed specifically to carry something"", ""a large warship that carries planes and has a long flat deck for takeoffs and landings"", ""an inactive substance that is a vehicle for a radioactive tracer of the same substance and that assists in its recovery after some chemical reaction"", ""a person or firm in the business of transporting people or goods or messages"", ""a radio wave that can be modulated in order to transmit a signal"", ""a man who delivers the mail"", ""a boy who delivers newspapers"", ""(medicine) a person (or animal) who has some pathogen to which he is immune but who can pass it on to others"", ""a rack attached to a vehicle; for carrying luggage or skis or the like"", ""(genetics) an organism that possesses a recessive gene whose effect is masked by a dominant allele; the associated trait is not apparent but can be passed on to offspring""]}",image.5500.jpg,n,7.0,"the noun 'carrier' that can be interpreted as:
 1. someone whose employment involves carrying something
 2. a self-propelled wheeled vehicle designed specifically to carry something
 3. a large warship that carries planes and has a long flat deck for takeoffs and landings
 4. an inactive substance that is a vehicle for a radioactive tracer of the same substance and that assists in its recovery after some chemical reaction
 5. a person or firm in the business of transporting people or goods or messages
 6. a radio wave that can be modulated in order to transmit a signal
 7. a man who delivers the mail
 8. a boy who delivers newspapers
 9. (medicine) a person (or animal) who has some pathogen to which he is immune but who can pass it on to others
 10. a rack attached to a vehicle; for carrying luggage or skis or the like
 11. (genetics) an organism that possesses a recessive gene whose effect is masked by a dominant allele; the associated trait is not apparent but can be passed on to offspring
---
Generate a natural ambiguous sentence using polysemous word 'carrier' once so that the sentence can be interpreted in more than one meaning.
In the generated sentence, the noun 'carrier' should be interpreted as 'a man who delivers the mail'. However, the sentence should not imply any of the given definitions too strongly. The sentence should be natural and commonly used in daily life.
Suggest your final sentence in the format 'Generated Sentence: [your sentence]'. Do not include any explanation, and end your generation after providing the sentence."
7075,rudderfish,'pilotfishes' is a hypernym of the specific sense of 'rudderfish'.,"{""n"": [""food and game fish around Bermuda and Florida; often follow ships"", ""fish having the habit of following ships; found in North American and South American coastal waters""]}",image.11149.jpg,n,1.0,"the noun 'rudderfish' that can be interpreted as:
 1. food and game fish around Bermuda and Florida; often follow ships
 2. fish having the habit of following ships; found in North American and South American coastal waters
---
Generate a natural ambiguous sentence using polysemous word 'rudderfish' once so that the sentence can be interpreted in more than one meaning.
In the generated sentence, the noun 'rudderfish' should be interpreted as 'food and game fish around Bermuda and Florida; often follow ships'. However, the sentence should not imply any of the given definitions too strongly. The sentence should be natural and commonly used in daily life.
Suggest your final sentence in the format 'Generated Sentence: [your sentence]'. Do not include any explanation, and end your generation after providing the sentence."
7081,marry,'unify' is a hypernym of the specific sense of 'marry'.,"{""v"": [""take in marriage"", ""perform a marriage ceremony""]}",image.10484.jpg,v,2.0,"the verb 'marry' that can be interpreted as:
 1. take in marriage
 2. perform a marriage ceremony
---
Generate a natural ambiguous sentence using polysemous word 'marry' once so that the sentence can be interpreted in more than one meaning.
In the generated sentence, the verb 'marry' should be interpreted as 'perform a marriage ceremony'. However, the sentence should not imply any of the given definitions too strongly. The sentence should be natural and commonly used in daily life.
Suggest your final sentence in the format 'Generated Sentence: [your sentence]'. Do not include any explanation, and end your generation after providing the sentence."
7110,ordeal,'trial' is a hypernym of the specific sense of 'ordeal'.,"{""n"": [""a severe or trying experience"", ""a primitive method of determining a person's guilt or innocence by subjecting the accused person to dangerous or painful tests believed to be under divine control; escape was usually taken as a sign of innocence""]}",image.5967.jpg,n,2.0,"the noun 'ordeal' that can be interpreted as:
 1. a severe or trying experience
 2. a primitive method of determining a person's guilt or innocence by subjecting the accused person to dangerous or painful tests believed to be under divine control; escape was usually taken as a sign of innocence
---
Generate a natural ambiguous sentence using polysemous word 'ordeal' once so that the sentence can be interpreted in more than one meaning.
In the generated sentence, the noun 'ordeal' should be interpreted as 'a primitive method of determining a person's guilt or innocence by subjecting the accused person to dangerous or painful tests believed to be under divine control; escape was usually taken as a sign of innocence'. However, the sentence should not imply any of the given definitions too strongly. The sentence should be natural and commonly used in daily life.
Suggest your final sentence in the format 'Generated Sentence: [your sentence]'. Do not include any explanation, and end your generation after providing the sentence."
7134,dig,'excavate' is a hypernym of the specific sense of 'dig'.,"{""n"": [""the site of an archeological exploration"", ""an aggressive remark directed at a person like a missile and intended to have a telling effect"", ""a small gouge (as in the cover of a book)"", ""the act of digging"", ""the act of touching someone suddenly with your finger or elbow""], ""v"": [""turn up, loosen, or remove earth"", ""create by digging"", ""work hard"", ""remove, harvest, or recover by digging"", ""thrust down or into"", ""remove the inner part or the core of"", ""poke or thrust abruptly"", ""get the meaning of something""]}",image.5998.jpg,v,4.0,"the verb 'dig' that can be interpreted as:
 1. turn up, loosen, or remove earth
 2. create by digging
 3. work hard
 4. remove, harvest, or recover by digging
 5. thrust down or into
 6. remove the inner part or the core of
 7. poke or thrust abruptly
 8. get the meaning of something
---
Generate a natural ambiguous sentence using polysemous word 'dig' once so that the sentence can be interpreted in more than one meaning.
In the generated sentence, the verb 'dig' should be interpreted as 'remove, harvest, or recover by digging'. However, the sentence should not imply any of the given definitions too strongly. The sentence should be natural and commonly used in daily life.
Suggest your final sentence in the format 'Generated Sentence: [your sentence]'. Do not include any explanation, and end your generation after providing the sentence."
7151,control,'manipulate' is a hypernym of the specific sense of 'control'.,"{""n"": [""power to direct or determine"", ""a relation of constraint of one entity (thing or person or group) by another"", ""(physiology) regulation or maintenance of a function or action or reflex etc"", ""a standard against which other conditions can be compared in a scientific experiment"", ""the activity of managing or exerting control over something"", ""the state that exists when one person or group has power over another"", ""discipline in personal and social activities"", ""great skillfulness and knowledge of some subject or activity"", ""a mechanism that controls the operation of a machine"", ""a spiritual agency that is assumed to assist the medium during a seance"", ""the economic policy of controlling or limiting or curbing prices or wages etc.""], ""v"": [""exercise authoritative control or power over"", ""lessen the intensity of; temper; hold in restraint; hold or keep within limits"", ""handle and cause to function"", ""control (others or oneself) or influence skillfully, usually to one's advantage"", ""check or regulate (a scientific experiment) by conducting a parallel experiment or comparing with another standard"", ""verify by using a duplicate register for comparison"", ""be careful or certain to do something; make certain of something"", ""have a firm understanding or knowledge of; be on top of""]}",image.10766.jpg,v,3.0,"the verb 'control' that can be interpreted as:
 1. exercise authoritative control or power over
 2. lessen the intensity of; temper; hold in restraint; hold or keep within limits
 3. handle and cause to function
 4. control (others or oneself) or influence skillfully, usually to one's advantage
 5. check or regulate (a scientific experiment) by conducting a parallel experiment or comparing with another standard
 6. verify by using a duplicate register for comparison
 7. be careful or certain to do something; make certain of something
 8. have a firm understanding or knowledge of; be on top of
---
Generate a natural ambiguous sentence using polysemous word 'control' once so that the sentence can be interpreted in more than one meaning.
In the generated sentence, the verb 'control' should be interpreted as 'handle and cause to function'. However, the sentence should not imply any of the given definitions too strongly. The sentence should be natural and commonly used in daily life.
Suggest your final sentence in the format 'Generated Sentence: [your sentence]'. Do not include any explanation, and end your generation after providing the sentence."
7207,antiquity,'chronicle' is a hypernym of the specific sense of 'antiquity'.,"{""n"": [""the historic period preceding the Middle Ages in Europe"", ""extreme oldness"", ""an artifact surviving from the past""]}",image.805.jpg,n,1.0,"the noun 'antiquity' that can be interpreted as:
 1. the historic period preceding the Middle Ages in Europe
 2. extreme oldness
 3. an artifact surviving from the past
---
Generate a natural ambiguous sentence using polysemous word 'antiquity' once so that the sentence can be interpreted in more than one meaning.
In the generated sentence, the noun 'antiquity' should be interpreted as 'the historic period preceding the Middle Ages in Europe'. However, the sentence should not imply any of the given definitions too strongly. The sentence should be natural and commonly used in daily life.
Suggest your final sentence in the format 'Generated Sentence: [your sentence]'. Do not include any explanation, and end your generation after providing the sentence."
7338,stampede,'travel' is a hypernym of the specific sense of 'stampede'.,"{""n"": [""a headlong rush of people on a common impulse"", ""a wild headlong rush of frightened animals (horses or cattle)""], ""v"": [""cause to run in panic"", ""cause a group or mass of people to act on an impulse or hurriedly and impulsively"", ""act, usually en masse, hurriedly or on an impulse"", ""run away in a stampede""]}",image.9855.jpg,v,4.0,"the verb 'stampede' that can be interpreted as:
 1. cause to run in panic
 2. cause a group or mass of people to act on an impulse or hurriedly and impulsively
 3. act, usually en masse, hurriedly or on an impulse
 4. run away in a stampede
---
Generate a natural ambiguous sentence using polysemous word 'stampede' once so that the sentence can be interpreted in more than one meaning.
In the generated sentence, the verb 'stampede' should be interpreted as 'run away in a stampede'. However, the sentence should not imply any of the given definitions too strongly. The sentence should be natural and commonly used in daily life.
Suggest your final sentence in the format 'Generated Sentence: [your sentence]'. Do not include any explanation, and end your generation after providing the sentence."
7380,injury,'accident' is a hypernym of the specific sense of 'injury'.,"{""n"": [""any physical damage to the body caused by violence or accident or fracture etc."", ""an accident that results in physical damage or hurt"", ""a casualty to military personnel resulting from combat"", ""an act that causes someone or something to receive physical damage"", ""wrongdoing that violates another's rights and is unjustly inflicted""]}",image.14024.jpg,n,2.0,"the noun 'injury' that can be interpreted as:
 1. any physical damage to the body caused by violence or accident or fracture etc.
 2. an accident that results in physical damage or hurt
 3. a casualty to military personnel resulting from combat
 4. an act that causes someone or something to receive physical damage
 5. wrongdoing that violates another's rights and is unjustly inflicted
---
Generate a natural ambiguous sentence using polysemous word 'injury' once so that the sentence can be interpreted in more than one meaning.
In the generated sentence, the noun 'injury' should be interpreted as 'an accident that results in physical damage or hurt'. However, the sentence should not imply any of the given definitions too strongly. The sentence should be natural and commonly used in daily life.
Suggest your final sentence in the format 'Generated Sentence: [your sentence]'. Do not include any explanation, and end your generation after providing the sentence."
7411,synchronise,'occur' is a hypernym of the specific sense of 'synchronise'.,"{""v"": [""happen at the same time"", ""make (motion picture sound) exactly simultaneous with the action"", ""arrange or represent events so that they co-occur"", ""operate simultaneously"", ""cause to indicate the same time or rate"", ""make synchronous and adjust in time or manner""]}",image.7250.jpg,v,6.0,"the verb 'synchronise' that can be interpreted as:
 1. happen at the same time
 2. make (motion picture sound) exactly simultaneous with the action
 3. arrange or represent events so that they co-occur
 4. operate simultaneously
 5. cause to indicate the same time or rate
 6. make synchronous and adjust in time or manner
---
Generate a natural ambiguous sentence using polysemous word 'synchronise' once so that the sentence can be interpreted in more than one meaning.
In the generated sentence, the verb 'synchronise' should be interpreted as 'make synchronous and adjust in time or manner'. However, the sentence should not imply any of the given definitions too strongly. The sentence should be natural and commonly used in daily life.
Suggest your final sentence in the format 'Generated Sentence: [your sentence]'. Do not include any explanation, and end your generation after providing the sentence."
7438,sandwort,'flower' is a hypernym of the specific sense of 'sandwort'.,"{""n"": [""loosely matted plant with moss-like foliage studded with tiny starry four-petaled white blossoms; mountains of central and southern Europe"", ""low-growing herb having clusters of small white four-petaled flowers"", ""low-growing chiefly perennial plant usually with small white flowers suitable for e.g. rock gardens""]}",image.1255.jpg,n,2.0,"the noun 'sandwort' that can be interpreted as:
 1. loosely matted plant with moss-like foliage studded with tiny starry four-petaled white blossoms; mountains of central and southern Europe
 2. low-growing herb having clusters of small white four-petaled flowers
 3. low-growing chiefly perennial plant usually with small white flowers suitable for e.g. rock gardens
---
Generate a natural ambiguous sentence using polysemous word 'sandwort' once so that the sentence can be interpreted in more than one meaning.
In the generated sentence, the noun 'sandwort' should be interpreted as 'low-growing herb having clusters of small white four-petaled flowers'. However, the sentence should not imply any of the given definitions too strongly. The sentence should be natural and commonly used in daily life.
Suggest your final sentence in the format 'Generated Sentence: [your sentence]'. Do not include any explanation, and end your generation after providing the sentence."
7439,justification,'vindication' is a hypernym of the specific sense of 'justification'.,"{""n"": [""something (such as a fact or circumstance) that shows an action to be reasonable or necessary"", ""a statement in explanation of some action or belief"", ""the act of defending or explaining or making excuses for by reasoning; - H.J.Muller""]}",image.10855.jpg,n,1.0,"the noun 'justification' that can be interpreted as:
 1. something (such as a fact or circumstance) that shows an action to be reasonable or necessary
 2. a statement in explanation of some action or belief
 3. the act of defending or explaining or making excuses for by reasoning; - H.J.Muller
---
Generate a natural ambiguous sentence using polysemous word 'justification' once so that the sentence can be interpreted in more than one meaning.
In the generated sentence, the noun 'justification' should be interpreted as 'something (such as a fact or circumstance) that shows an action to be reasonable or necessary'. However, the sentence should not imply any of the given definitions too strongly. The sentence should be natural and commonly used in daily life.
Suggest your final sentence in the format 'Generated Sentence: [your sentence]'. Do not include any explanation, and end your generation after providing the sentence."
7479,retreat,'move' is a hypernym of the specific sense of 'retreat'.,"{""n"": [""(military) withdrawal of troops to a more favorable position to escape the enemy's superior forces or after a defeat"", ""a place of privacy; a place affording peace and quiet"", ""(military) a signal to begin a withdrawal from a dangerous position"", ""(military) a bugle call signaling the lowering of the flag at sunset"", ""an area where you can be alone"", ""withdrawal for prayer and study and meditation"", ""the act of withdrawing or going backward (especially to escape something hazardous or unpleasant)""], ""v"": [""pull back or move away or backward"", ""move away, as for privacy"", ""move back"", ""make a retreat from an earlier commitment or activity""]}",image.9389.jpg,v,1.0,"the verb 'retreat' that can be interpreted as:
 1. pull back or move away or backward
 2. move away, as for privacy
 3. move back
 4. make a retreat from an earlier commitment or activity
---
Generate a natural ambiguous sentence using polysemous word 'retreat' once so that the sentence can be interpreted in more than one meaning.
In the generated sentence, the verb 'retreat' should be interpreted as 'pull back or move away or backward'. However, the sentence should not imply any of the given definitions too strongly. The sentence should be natural and commonly used in daily life.
Suggest your final sentence in the format 'Generated Sentence: [your sentence]'. Do not include any explanation, and end your generation after providing the sentence."
7505,waldmeister,'bedstraw' is a hypernym of the specific sense of 'waldmeister'.,"{""n"": [""Old World fragrant stoloniferous perennial having small white flowers and narrow leaves used as flavoring and in sachets; widely cultivated as a ground cover; in some classifications placed in genus Asperula"", ""fragrant dark green leaves used to flavor May wine""]}",image.9511.jpg,n,2.0,"the noun 'waldmeister' that can be interpreted as:
 1. Old World fragrant stoloniferous perennial having small white flowers and narrow leaves used as flavoring and in sachets; widely cultivated as a ground cover; in some classifications placed in genus Asperula
 2. fragrant dark green leaves used to flavor May wine
---
Generate a natural ambiguous sentence using polysemous word 'waldmeister' once so that the sentence can be interpreted in more than one meaning.
In the generated sentence, the noun 'waldmeister' should be interpreted as 'fragrant dark green leaves used to flavor May wine'. However, the sentence should not imply any of the given definitions too strongly. The sentence should be natural and commonly used in daily life.
Suggest your final sentence in the format 'Generated Sentence: [your sentence]'. Do not include any explanation, and end your generation after providing the sentence."
7540,whistling,'music' is a hypernym of the specific sense of 'whistling'.,"{""n"": [""the sound made by something moving rapidly or by steam coming out of a small aperture"", ""the act of whistling a tune"", ""the act of signalling (e.g., summoning) by whistling or blowing a whistle""], ""v"": [""make whistling sounds"", ""move with, or as with, a whistling sound"", ""utter or express by whistling"", ""move, send, or bring as if by whistling"", ""make a whining, ringing, or whistling sound"", ""give a signal by whistling""]}",image.8371.jpg,v,1.0,"the verb 'whistling' that can be interpreted as:
 1. make whistling sounds
 2. move with, or as with, a whistling sound
 3. utter or express by whistling
 4. move, send, or bring as if by whistling
 5. make a whining, ringing, or whistling sound
 6. give a signal by whistling
---
Generate a natural ambiguous sentence using polysemous word 'whistling' once so that the sentence can be interpreted in more than one meaning.
In the generated sentence, the verb 'whistling' should be interpreted as 'make whistling sounds'. However, the sentence should not imply any of the given definitions too strongly. The sentence should be natural and commonly used in daily life.
Suggest your final sentence in the format 'Generated Sentence: [your sentence]'. Do not include any explanation, and end your generation after providing the sentence."
7560,abandon,'discard' is a hypernym of the specific sense of 'abandon'.,"{""n"": [""the trait of lacking restraint or control; reckless freedom from inhibition or worry"", ""a feeling of extreme emotional intensity""], ""v"": [""forsake, leave behind"", ""give up with the intent of never claiming again"", ""leave behind empty; move out of"", ""stop maintaining or insisting on; of ideas or claims"", ""leave someone who needs or counts on you; leave in the lurch""]}",image.12412.jpg,v,1.0,"the verb 'abandon' that can be interpreted as:
 1. forsake, leave behind
 2. give up with the intent of never claiming again
 3. leave behind empty; move out of
 4. stop maintaining or insisting on; of ideas or claims
 5. leave someone who needs or counts on you; leave in the lurch
---
Generate a natural ambiguous sentence using polysemous word 'abandon' once so that the sentence can be interpreted in more than one meaning.
In the generated sentence, the verb 'abandon' should be interpreted as 'forsake, leave behind'. However, the sentence should not imply any of the given definitions too strongly. The sentence should be natural and commonly used in daily life.
Suggest your final sentence in the format 'Generated Sentence: [your sentence]'. Do not include any explanation, and end your generation after providing the sentence."
7602,capture,'acquire' is a hypernym of the specific sense of 'capture'.,"{""n"": [""the act of forcibly dispossessing an owner of property"", ""a process whereby a star or planet holds an object in its gravitational field"", ""any process in which an atomic or nuclear system acquires an additional particle"", ""the act of taking of a person by force"", ""the removal of an opponent's piece from the chess board""], ""v"": [""succeed in representing or expressing something intangible"", ""attract; cause to be enamored"", ""succeed in catching or seizing, especially after a chase"", ""bring about the capture of an elementary particle or celestial body and causing it enter a new orbit"", ""take possession of by force, as after an invasion"", ""capture as if by hunting, snaring, or trapping""]}",image.6995.jpg,v,6.0,"the verb 'capture' that can be interpreted as:
 1. succeed in representing or expressing something intangible
 2. attract; cause to be enamored
 3. succeed in catching or seizing, especially after a chase
 4. bring about the capture of an elementary particle or celestial body and causing it enter a new orbit
 5. take possession of by force, as after an invasion
 6. capture as if by hunting, snaring, or trapping
---
Generate a natural ambiguous sentence using polysemous word 'capture' once so that the sentence can be interpreted in more than one meaning.
In the generated sentence, the verb 'capture' should be interpreted as 'capture as if by hunting, snaring, or trapping'. However, the sentence should not imply any of the given definitions too strongly. The sentence should be natural and commonly used in daily life.
Suggest your final sentence in the format 'Generated Sentence: [your sentence]'. Do not include any explanation, and end your generation after providing the sentence."
7640,warn,'advise' is a hypernym of the specific sense of 'warn'.,"{""v"": [""notify of danger, potential harm, or risk"", ""admonish or counsel in terms of someone's behavior"", ""ask to go away"", ""notify, usually in advance""]}",image.2913.jpg,v,2.0,"the verb 'warn' that can be interpreted as:
 1. notify of danger, potential harm, or risk
 2. admonish or counsel in terms of someone's behavior
 3. ask to go away
 4. notify, usually in advance
---
Generate a natural ambiguous sentence using polysemous word 'warn' once so that the sentence can be interpreted in more than one meaning.
In the generated sentence, the verb 'warn' should be interpreted as 'admonish or counsel in terms of someone's behavior'. However, the sentence should not imply any of the given definitions too strongly. The sentence should be natural and commonly used in daily life.
Suggest your final sentence in the format 'Generated Sentence: [your sentence]'. Do not include any explanation, and end your generation after providing the sentence."
7660,hadith,'way' is a hypernym of the specific sense of 'hadith'.,"{""n"": [""(Islam) a tradition based on reports of the sayings and activities of Muhammad and his companions"", ""(Islam) the way of life prescribed as normative for Muslims on the basis of the teachings and practices of Muhammad and interpretations of the Koran""]}",image.8166.jpg,n,1.0,"the noun 'hadith' that can be interpreted as:
 1. (Islam) a tradition based on reports of the sayings and activities of Muhammad and his companions
 2. (Islam) the way of life prescribed as normative for Muslims on the basis of the teachings and practices of Muhammad and interpretations of the Koran
---
Generate a natural ambiguous sentence using polysemous word 'hadith' once so that the sentence can be interpreted in more than one meaning.
In the generated sentence, the noun 'hadith' should be interpreted as '(Islam) a tradition based on reports of the sayings and activities of Muhammad and his companions'. However, the sentence should not imply any of the given definitions too strongly. The sentence should be natural and commonly used in daily life.
Suggest your final sentence in the format 'Generated Sentence: [your sentence]'. Do not include any explanation, and end your generation after providing the sentence."
7684,hamburger,'dish' is a hypernym of the specific sense of 'hamburger'.,"{""n"": [""a sandwich consisting of a fried cake of minced beef served on a bun, often with other ingredients"", ""beef that has been ground""]}",image.9607.jpg,n,2.0,"the noun 'hamburger' that can be interpreted as:
 1. a sandwich consisting of a fried cake of minced beef served on a bun, often with other ingredients
 2. beef that has been ground
---
Generate a natural ambiguous sentence using polysemous word 'hamburger' once so that the sentence can be interpreted in more than one meaning.
In the generated sentence, the noun 'hamburger' should be interpreted as 'beef that has been ground'. However, the sentence should not imply any of the given definitions too strongly. The sentence should be natural and commonly used in daily life.
Suggest your final sentence in the format 'Generated Sentence: [your sentence]'. Do not include any explanation, and end your generation after providing the sentence."
7736,crabs,'pediculosis' is a hypernym of the specific sense of 'crabs'.,"{""n"": [""infestation of the pubic hair by crab lice"", ""decapod having eyes on short stalks and a broad flattened carapace with a small abdomen folded under the thorax and pincers"", ""a quarrelsome grouch"", ""(astrology) a person who is born while the sun is in Cancer"", ""the fourth sign of the zodiac; the sun is in this sign from about June 21 to July 22"", ""the edible flesh of any of various crabs"", ""a louse that infests the pubic region of the human body"", ""a stroke of the oar that either misses the water or digs too deeply""], ""v"": [""direct (an aircraft) into a crosswind"", ""scurry sideways like a crab"", ""fish for crab"", ""complain""]}",image.61.jpg,n,7.0,"the noun 'crabs' that can be interpreted as:
 1. infestation of the pubic hair by crab lice
 2. decapod having eyes on short stalks and a broad flattened carapace with a small abdomen folded under the thorax and pincers
 3. a quarrelsome grouch
 4. (astrology) a person who is born while the sun is in Cancer
 5. the fourth sign of the zodiac; the sun is in this sign from about June 21 to July 22
 6. the edible flesh of any of various crabs
 7. a louse that infests the pubic region of the human body
 8. a stroke of the oar that either misses the water or digs too deeply
---
Generate a natural ambiguous sentence using polysemous word 'crabs' once so that the sentence can be interpreted in more than one meaning.
In the generated sentence, the noun 'crabs' should be interpreted as 'a louse that infests the pubic region of the human body'. However, the sentence should not imply any of the given definitions too strongly. The sentence should be natural and commonly used in daily life.
Suggest your final sentence in the format 'Generated Sentence: [your sentence]'. Do not include any explanation, and end your generation after providing the sentence."
7748,waterproofing,'protection' is a hypernym of the specific sense of 'waterproofing'.,"{""n"": [""the act of treating something to make it repel water"", ""a coating capable of making a surface waterproof""], ""v"": [""make watertight""]}",image.14433.jpg,n,1.0,"the noun 'waterproofing' that can be interpreted as:
 1. the act of treating something to make it repel water
 2. a coating capable of making a surface waterproof
---
Generate a natural ambiguous sentence using polysemous word 'waterproofing' once so that the sentence can be interpreted in more than one meaning.
In the generated sentence, the noun 'waterproofing' should be interpreted as 'the act of treating something to make it repel water'. However, the sentence should not imply any of the given definitions too strongly. The sentence should be natural and commonly used in daily life.
Suggest your final sentence in the format 'Generated Sentence: [your sentence]'. Do not include any explanation, and end your generation after providing the sentence."
7812,pose,'comport' is a hypernym of the specific sense of 'pose'.,"{""n"": [""affected manners intended to impress others"", ""a posture assumed by models for photographic or artistic purposes"", ""a deliberate pretense or exaggerated display""], ""v"": [""introduce"", ""assume a posture as for artistic purposes"", ""pretend to be someone you are not; sometimes with fraudulent intentions"", ""behave affectedly or unnaturally in order to impress others"", ""put into a certain place or abstract location"", ""be a mystery or bewildering to""]}",image.4342.jpg,n,2.0,"the noun 'pose' that can be interpreted as:
 1. affected manners intended to impress others
 2. a posture assumed by models for photographic or artistic purposes
 3. a deliberate pretense or exaggerated display
---
Generate a natural ambiguous sentence using polysemous word 'pose' once so that the sentence can be interpreted in more than one meaning.
In the generated sentence, the noun 'pose' should be interpreted as 'a posture assumed by models for photographic or artistic purposes'. However, the sentence should not imply any of the given definitions too strongly. The sentence should be natural and commonly used in daily life.
Suggest your final sentence in the format 'Generated Sentence: [your sentence]'. Do not include any explanation, and end your generation after providing the sentence."
7833,pleasure,'feeling' is a hypernym of the specific sense of 'pleasure'.,"{""n"": [""a fundamental feeling that is hard to define but that people desire to experience"", ""something or someone that provides a source of happiness"", ""a formal expression"", ""an activity that affords enjoyment"", ""sexual gratification""]}",image.2653.jpg,n,2.0,"the noun 'pleasure' that can be interpreted as:
 1. a fundamental feeling that is hard to define but that people desire to experience
 2. something or someone that provides a source of happiness
 3. a formal expression
 4. an activity that affords enjoyment
 5. sexual gratification
---
Generate a natural ambiguous sentence using polysemous word 'pleasure' once so that the sentence can be interpreted in more than one meaning.
In the generated sentence, the noun 'pleasure' should be interpreted as 'something or someone that provides a source of happiness'. However, the sentence should not imply any of the given definitions too strongly. The sentence should be natural and commonly used in daily life.
Suggest your final sentence in the format 'Generated Sentence: [your sentence]'. Do not include any explanation, and end your generation after providing the sentence."
7839,channels,'transmission' is a hypernym of the specific sense of 'channels'.,"{""n"": [""official routes of communication"", ""a path over which electrical signals can pass"", ""a passage for water (or other fluids) to flow through"", ""a long narrow furrow cut either by a natural process (such as erosion) or by a tool (as e.g. a groove in a phonograph record)"", ""a deep and relatively narrow body of water (as in a river or a harbor or a strait linking two larger bodies) that allows the best passage for vessels"", ""(often plural) a means of communication or access"", ""a bodily passage or tube lined with epithelial cells and conveying a secretion or other substance"", ""a television station and its programs"", ""a way of selling a company's product either directly or via distributors""], ""v"": [""transmit or serve as the medium for transmission"", ""direct the flow of"", ""send from one person or place to another""]}",image.10237.jpg,n,3.0,"the noun 'channels' that can be interpreted as:
 1. official routes of communication
 2. a path over which electrical signals can pass
 3. a passage for water (or other fluids) to flow through
 4. a long narrow furrow cut either by a natural process (such as erosion) or by a tool (as e.g. a groove in a phonograph record)
 5. a deep and relatively narrow body of water (as in a river or a harbor or a strait linking two larger bodies) that allows the best passage for vessels
 6. (often plural) a means of communication or access
 7. a bodily passage or tube lined with epithelial cells and conveying a secretion or other substance
 8. a television station and its programs
 9. a way of selling a company's product either directly or via distributors
---
Generate a natural ambiguous sentence using polysemous word 'channels' once so that the sentence can be interpreted in more than one meaning.
In the generated sentence, the noun 'channels' should be interpreted as 'a passage for water (or other fluids) to flow through'. However, the sentence should not imply any of the given definitions too strongly. The sentence should be natural and commonly used in daily life.
Suggest your final sentence in the format 'Generated Sentence: [your sentence]'. Do not include any explanation, and end your generation after providing the sentence."
7931,manage,'command' is a hypernym of the specific sense of 'manage'.,"{""v"": [""be successful; achieve a goal"", ""be in charge of, act on, or dispose of"", ""come to terms with"", ""watch and direct"", ""achieve something by means of trickery or devious methods"", ""carry on or function"", ""handle effectively""]}",image.10718.jpg,v,4.0,"the verb 'manage' that can be interpreted as:
 1. be successful; achieve a goal
 2. be in charge of, act on, or dispose of
 3. come to terms with
 4. watch and direct
 5. achieve something by means of trickery or devious methods
 6. carry on or function
 7. handle effectively
---
Generate a natural ambiguous sentence using polysemous word 'manage' once so that the sentence can be interpreted in more than one meaning.
In the generated sentence, the verb 'manage' should be interpreted as 'watch and direct'. However, the sentence should not imply any of the given definitions too strongly. The sentence should be natural and commonly used in daily life.
Suggest your final sentence in the format 'Generated Sentence: [your sentence]'. Do not include any explanation, and end your generation after providing the sentence."
7947,dream,'perceive' is a hypernym of the specific sense of 'dream'.,"{""n"": [""a series of mental images and emotions occurring during sleep"", ""imaginative thoughts indulged in while awake"", ""a cherished desire"", ""a fantastic but vain hope (from fantasies induced by the opium pipe)"", ""a state of mind characterized by abstraction and release from reality"", ""someone or something wonderful""], ""v"": [""have a daydream; indulge in a fantasy"", ""experience while sleeping""]}",image.7316.jpg,n,5.0,"the noun 'dream' that can be interpreted as:
 1. a series of mental images and emotions occurring during sleep
 2. imaginative thoughts indulged in while awake
 3. a cherished desire
 4. a fantastic but vain hope (from fantasies induced by the opium pipe)
 5. a state of mind characterized by abstraction and release from reality
 6. someone or something wonderful
---
Generate a natural ambiguous sentence using polysemous word 'dream' once so that the sentence can be interpreted in more than one meaning.
In the generated sentence, the noun 'dream' should be interpreted as 'a state of mind characterized by abstraction and release from reality'. However, the sentence should not imply any of the given definitions too strongly. The sentence should be natural and commonly used in daily life.
Suggest your final sentence in the format 'Generated Sentence: [your sentence]'. Do not include any explanation, and end your generation after providing the sentence."
7955,eating,'ingestion' is a hypernym of the specific sense of 'eating'.,"{""n"": [""the act of consuming food""], ""v"": [""take in solid food"", ""eat a meal; take a meal"", ""take in food; used of animals only"", ""worry or cause anxiety in a persistent way"", ""use up (resources or materials)"", ""cause to deteriorate due to the action of water, air, or an acid""]}",image.8600.jpg,v,2.0,"the verb 'eating' that can be interpreted as:
 1. take in solid food
 2. eat a meal; take a meal
 3. take in food; used of animals only
 4. worry or cause anxiety in a persistent way
 5. use up (resources or materials)
 6. cause to deteriorate due to the action of water, air, or an acid
---
Generate a natural ambiguous sentence using polysemous word 'eating' once so that the sentence can be interpreted in more than one meaning.
In the generated sentence, the verb 'eating' should be interpreted as 'eat a meal; take a meal'. However, the sentence should not imply any of the given definitions too strongly. The sentence should be natural and commonly used in daily life.
Suggest your final sentence in the format 'Generated Sentence: [your sentence]'. Do not include any explanation, and end your generation after providing the sentence."
8016,decorate,'be' is a hypernym of the specific sense of 'decorate'.,"{""v"": [""make more attractive by adding ornament, colour, etc."", ""be beautiful to look at"", ""award a mark of honor, such as a medal, to"", ""provide with decoration""]}",image.2280.jpg,v,1.0,"the verb 'decorate' that can be interpreted as:
 1. make more attractive by adding ornament, colour, etc.
 2. be beautiful to look at
 3. award a mark of honor, such as a medal, to
 4. provide with decoration
---
Generate a natural ambiguous sentence using polysemous word 'decorate' once so that the sentence can be interpreted in more than one meaning.
In the generated sentence, the verb 'decorate' should be interpreted as 'make more attractive by adding ornament, colour, etc.'. However, the sentence should not imply any of the given definitions too strongly. The sentence should be natural and commonly used in daily life.
Suggest your final sentence in the format 'Generated Sentence: [your sentence]'. Do not include any explanation, and end your generation after providing the sentence."
8025,feeder,'consumer' is a hypernym of the specific sense of 'feeder'.,"{""n"": [""an animal being fattened or suitable for fattening"", ""someone who consumes food for nourishment"", ""a branch that flows into the main stream"", ""a machine that automatically provides a supply of some material"", ""an outdoor device that supplies food for wild birds"", ""an animal that feeds on a particular source of food""]}",image.9156.jpg,n,2.0,"the noun 'feeder' that can be interpreted as:
 1. an animal being fattened or suitable for fattening
 2. someone who consumes food for nourishment
 3. a branch that flows into the main stream
 4. a machine that automatically provides a supply of some material
 5. an outdoor device that supplies food for wild birds
 6. an animal that feeds on a particular source of food
---
Generate a natural ambiguous sentence using polysemous word 'feeder' once so that the sentence can be interpreted in more than one meaning.
In the generated sentence, the noun 'feeder' should be interpreted as 'someone who consumes food for nourishment'. However, the sentence should not imply any of the given definitions too strongly. The sentence should be natural and commonly used in daily life.
Suggest your final sentence in the format 'Generated Sentence: [your sentence]'. Do not include any explanation, and end your generation after providing the sentence."
8040,animation,'cinematography' is a hypernym of the specific sense of 'animation'.,"{""n"": [""the condition of living or the state of being alive"", ""the property of being able to survive and grow"", ""quality of being active or spirited or alive and vigorous"", ""the activity of giving vitality and vigour to something"", ""the making of animated cartoons"", ""general activity and motion""]}",image.2831.jpg,n,5.0,"the noun 'animation' that can be interpreted as:
 1. the condition of living or the state of being alive
 2. the property of being able to survive and grow
 3. quality of being active or spirited or alive and vigorous
 4. the activity of giving vitality and vigour to something
 5. the making of animated cartoons
 6. general activity and motion
---
Generate a natural ambiguous sentence using polysemous word 'animation' once so that the sentence can be interpreted in more than one meaning.
In the generated sentence, the noun 'animation' should be interpreted as 'the making of animated cartoons'. However, the sentence should not imply any of the given definitions too strongly. The sentence should be natural and commonly used in daily life.
Suggest your final sentence in the format 'Generated Sentence: [your sentence]'. Do not include any explanation, and end your generation after providing the sentence."
8088,destiny,'happening' is a hypernym of the specific sense of 'destiny'.,"{""n"": [""an event (or a course of events) that will inevitably happen in the future"", ""the ultimate agency regarded as predetermining the course of events (often personified as a woman)"", ""your overall circumstances or condition in life (including everything that happens to you)""]}",image.4155.jpg,n,2.0,"the noun 'destiny' that can be interpreted as:
 1. an event (or a course of events) that will inevitably happen in the future
 2. the ultimate agency regarded as predetermining the course of events (often personified as a woman)
 3. your overall circumstances or condition in life (including everything that happens to you)
---
Generate a natural ambiguous sentence using polysemous word 'destiny' once so that the sentence can be interpreted in more than one meaning.
In the generated sentence, the noun 'destiny' should be interpreted as 'the ultimate agency regarded as predetermining the course of events (often personified as a woman)'. However, the sentence should not imply any of the given definitions too strongly. The sentence should be natural and commonly used in daily life.
Suggest your final sentence in the format 'Generated Sentence: [your sentence]'. Do not include any explanation, and end your generation after providing the sentence."
8090,lightning,'flash' is a hypernym of the specific sense of 'lightning'.,"{""n"": [""abrupt electric discharge from cloud to cloud or from cloud to earth accompanied by the emission of light"", ""the flash of light that accompanies an electric discharge in the atmosphere (or something resembling such a flash); can scintillate for a second or more""]}",image.13762.jpg,n,1.0,"the noun 'lightning' that can be interpreted as:
 1. abrupt electric discharge from cloud to cloud or from cloud to earth accompanied by the emission of light
 2. the flash of light that accompanies an electric discharge in the atmosphere (or something resembling such a flash); can scintillate for a second or more
---
Generate a natural ambiguous sentence using polysemous word 'lightning' once so that the sentence can be interpreted in more than one meaning.
In the generated sentence, the noun 'lightning' should be interpreted as 'abrupt electric discharge from cloud to cloud or from cloud to earth accompanied by the emission of light'. However, the sentence should not imply any of the given definitions too strongly. The sentence should be natural and commonly used in daily life.
Suggest your final sentence in the format 'Generated Sentence: [your sentence]'. Do not include any explanation, and end your generation after providing the sentence."
8113,basilisk,'monster' is a hypernym of the specific sense of 'basilisk'.,"{""n"": [""(classical mythology) a serpent (or lizard or dragon) able to kill with its breath or glance"", ""ancient brass cannon"", ""small crested arboreal lizard able to run on its hind legs; of tropical America""]}",image.563.jpg,n,1.0,"the noun 'basilisk' that can be interpreted as:
 1. (classical mythology) a serpent (or lizard or dragon) able to kill with its breath or glance
 2. ancient brass cannon
 3. small crested arboreal lizard able to run on its hind legs; of tropical America
---
Generate a natural ambiguous sentence using polysemous word 'basilisk' once so that the sentence can be interpreted in more than one meaning.
In the generated sentence, the noun 'basilisk' should be interpreted as '(classical mythology) a serpent (or lizard or dragon) able to kill with its breath or glance'. However, the sentence should not imply any of the given definitions too strongly. The sentence should be natural and commonly used in daily life.
Suggest your final sentence in the format 'Generated Sentence: [your sentence]'. Do not include any explanation, and end your generation after providing the sentence."
8209,lubrication,'condition' is a hypernym of the specific sense of 'lubrication'.,"{""n"": [""the condition of having been made smooth or slippery by the application of a lubricant"", ""an application of a lubricant to something""]}",image.8524.jpg,n,2.0,"the noun 'lubrication' that can be interpreted as:
 1. the condition of having been made smooth or slippery by the application of a lubricant
 2. an application of a lubricant to something
---
Generate a natural ambiguous sentence using polysemous word 'lubrication' once so that the sentence can be interpreted in more than one meaning.
In the generated sentence, the noun 'lubrication' should be interpreted as 'an application of a lubricant to something'. However, the sentence should not imply any of the given definitions too strongly. The sentence should be natural and commonly used in daily life.
Suggest your final sentence in the format 'Generated Sentence: [your sentence]'. Do not include any explanation, and end your generation after providing the sentence."
8215,fling,'move' is a hypernym of the specific sense of 'fling'.,"{""n"": [""a usually brief attempt"", ""a brief indulgence of your impulses"", ""the act of flinging""], ""v"": [""throw with force or recklessness"", ""move in an abrupt or headlong manner"", ""indulge oneself"", ""throw or cast away""]}",image.14961.jpg,v,1.0,"the verb 'fling' that can be interpreted as:
 1. throw with force or recklessness
 2. move in an abrupt or headlong manner
 3. indulge oneself
 4. throw or cast away
---
Generate a natural ambiguous sentence using polysemous word 'fling' once so that the sentence can be interpreted in more than one meaning.
In the generated sentence, the verb 'fling' should be interpreted as 'throw with force or recklessness'. However, the sentence should not imply any of the given definitions too strongly. The sentence should be natural and commonly used in daily life.
Suggest your final sentence in the format 'Generated Sentence: [your sentence]'. Do not include any explanation, and end your generation after providing the sentence."
8256,tomato,'vegetable' is a hypernym of the specific sense of 'tomato'.,"{""n"": [""mildly acid red or yellow pulpy fruit eaten as a vegetable"", ""native to South America; widely cultivated in many varieties""]}",image.3597.jpg,n,1.0,"the noun 'tomato' that can be interpreted as:
 1. mildly acid red or yellow pulpy fruit eaten as a vegetable
 2. native to South America; widely cultivated in many varieties
---
Generate a natural ambiguous sentence using polysemous word 'tomato' once so that the sentence can be interpreted in more than one meaning.
In the generated sentence, the noun 'tomato' should be interpreted as 'mildly acid red or yellow pulpy fruit eaten as a vegetable'. However, the sentence should not imply any of the given definitions too strongly. The sentence should be natural and commonly used in daily life.
Suggest your final sentence in the format 'Generated Sentence: [your sentence]'. Do not include any explanation, and end your generation after providing the sentence."
8340,oscillation,'change' is a hypernym of the specific sense of 'oscillation'.,"{""n"": [""the process of oscillating between states"", ""(physics) a regular periodic variation in value about a mean"", ""a single complete execution of a periodically repeated phenomenon""]}",image.6722.jpg,n,1.0,"the noun 'oscillation' that can be interpreted as:
 1. the process of oscillating between states
 2. (physics) a regular periodic variation in value about a mean
 3. a single complete execution of a periodically repeated phenomenon
---
Generate a natural ambiguous sentence using polysemous word 'oscillation' once so that the sentence can be interpreted in more than one meaning.
In the generated sentence, the noun 'oscillation' should be interpreted as 'the process of oscillating between states'. However, the sentence should not imply any of the given definitions too strongly. The sentence should be natural and commonly used in daily life.
Suggest your final sentence in the format 'Generated Sentence: [your sentence]'. Do not include any explanation, and end your generation after providing the sentence."
8412,comedian,'performer' is a hypernym of the specific sense of 'comedian'.,"{""n"": [""a professional performer who tells jokes and performs comical acts"", ""an actor in a comedy""]}",image.4715.jpg,n,2.0,"the noun 'comedian' that can be interpreted as:
 1. a professional performer who tells jokes and performs comical acts
 2. an actor in a comedy
---
Generate a natural ambiguous sentence using polysemous word 'comedian' once so that the sentence can be interpreted in more than one meaning.
In the generated sentence, the noun 'comedian' should be interpreted as 'an actor in a comedy'. However, the sentence should not imply any of the given definitions too strongly. The sentence should be natural and commonly used in daily life.
Suggest your final sentence in the format 'Generated Sentence: [your sentence]'. Do not include any explanation, and end your generation after providing the sentence."
8488,solubility,'quality' is a hypernym of the specific sense of 'solubility'.,"{""n"": [""the quantity of a particular substance that can dissolve in a particular solvent (yielding a saturated solution)"", ""the property (of a problem or difficulty) that makes it possible to solve"", ""the quality of being soluble and easily dissolved in liquid""]}",image.13815.jpg,n,1.0,"the noun 'solubility' that can be interpreted as:
 1. the quantity of a particular substance that can dissolve in a particular solvent (yielding a saturated solution)
 2. the property (of a problem or difficulty) that makes it possible to solve
 3. the quality of being soluble and easily dissolved in liquid
---
Generate a natural ambiguous sentence using polysemous word 'solubility' once so that the sentence can be interpreted in more than one meaning.
In the generated sentence, the noun 'solubility' should be interpreted as 'the quantity of a particular substance that can dissolve in a particular solvent (yielding a saturated solution)'. However, the sentence should not imply any of the given definitions too strongly. The sentence should be natural and commonly used in daily life.
Suggest your final sentence in the format 'Generated Sentence: [your sentence]'. Do not include any explanation, and end your generation after providing the sentence."
8633,drift,'move' is a hypernym of the specific sense of 'drift'.,"{""n"": [""a force that moves something along"", ""the gradual departure from an intended course due to external influences (as a ship or plane)"", ""a process of linguistic change over a period of time"", ""a large mass of material that is heaped up by the wind or by water currents"", ""a general tendency to change (as of opinion)"", ""the pervading meaning or tenor"", ""a horizontal (or nearly horizontal) passageway in a mine""], ""v"": [""be in motion due to some air or water current"", ""wander from a direct course or at random"", ""move about aimlessly or without any destination, often in search of food or employment"", ""vary or move from a fixed point or course"", ""live unhurriedly, irresponsibly, or freely"", ""move in an unhurried fashion"", ""cause to be carried by a current"", ""drive slowly and far afield for grazing"", ""be subject to fluctuation"", ""be piled up in banks or heaps by the force of wind or a current""]}",image.1068.jpg,v,2.0,"the verb 'drift' that can be interpreted as:
 1. be in motion due to some air or water current
 2. wander from a direct course or at random
 3. move about aimlessly or without any destination, often in search of food or employment
 4. vary or move from a fixed point or course
 5. live unhurriedly, irresponsibly, or freely
 6. move in an unhurried fashion
 7. cause to be carried by a current
 8. drive slowly and far afield for grazing
 9. be subject to fluctuation
 10. be piled up in banks or heaps by the force of wind or a current
---
Generate a natural ambiguous sentence using polysemous word 'drift' once so that the sentence can be interpreted in more than one meaning.
In the generated sentence, the verb 'drift' should be interpreted as 'wander from a direct course or at random'. However, the sentence should not imply any of the given definitions too strongly. The sentence should be natural and commonly used in daily life.
Suggest your final sentence in the format 'Generated Sentence: [your sentence]'. Do not include any explanation, and end your generation after providing the sentence."
8642,lighting,'decoration' is a hypernym of the specific sense of 'lighting'.,"{""n"": [""having abundant light or illumination"", ""apparatus for supplying artificial light effects for the stage or a film"", ""the craft of providing artificial light"", ""the act of setting something on fire""], ""v"": [""make lighter or brighter"", ""begin to smoke"", ""to come to rest, settle"", ""cause to start burning; subject to fire or great heat"", ""fall to somebody by assignment or lot"", ""alight from (a horse)""]}",image.9549.jpg,n,3.0,"the noun 'lighting' that can be interpreted as:
 1. having abundant light or illumination
 2. apparatus for supplying artificial light effects for the stage or a film
 3. the craft of providing artificial light
 4. the act of setting something on fire
---
Generate a natural ambiguous sentence using polysemous word 'lighting' once so that the sentence can be interpreted in more than one meaning.
In the generated sentence, the noun 'lighting' should be interpreted as 'the craft of providing artificial light'. However, the sentence should not imply any of the given definitions too strongly. The sentence should be natural and commonly used in daily life.
Suggest your final sentence in the format 'Generated Sentence: [your sentence]'. Do not include any explanation, and end your generation after providing the sentence."
8659,headache,'ache' is a hypernym of the specific sense of 'headache'.,"{""n"": [""something or someone that causes anxiety; a source of unhappiness"", ""pain in the head caused by dilation of cerebral arteries or muscle contractions or a reaction to drugs""]}",image.12954.jpg,n,2.0,"the noun 'headache' that can be interpreted as:
 1. something or someone that causes anxiety; a source of unhappiness
 2. pain in the head caused by dilation of cerebral arteries or muscle contractions or a reaction to drugs
---
Generate a natural ambiguous sentence using polysemous word 'headache' once so that the sentence can be interpreted in more than one meaning.
In the generated sentence, the noun 'headache' should be interpreted as 'pain in the head caused by dilation of cerebral arteries or muscle contractions or a reaction to drugs'. However, the sentence should not imply any of the given definitions too strongly. The sentence should be natural and commonly used in daily life.
Suggest your final sentence in the format 'Generated Sentence: [your sentence]'. Do not include any explanation, and end your generation after providing the sentence."
8709,ochre,'color' is a hypernym of the specific sense of 'ochre'.,"{""n"": [""any of various earths containing silica and alumina and ferric oxide; used as a pigment"", ""a moderate yellow-orange to orange color""], ""a"": [""of a moderate orange-yellow color""]}",image.2921.jpg,n,1.0,"the noun 'ochre' that can be interpreted as:
 1. any of various earths containing silica and alumina and ferric oxide; used as a pigment
 2. a moderate yellow-orange to orange color
---
Generate a natural ambiguous sentence using polysemous word 'ochre' once so that the sentence can be interpreted in more than one meaning.
In the generated sentence, the noun 'ochre' should be interpreted as 'any of various earths containing silica and alumina and ferric oxide; used as a pigment'. However, the sentence should not imply any of the given definitions too strongly. The sentence should be natural and commonly used in daily life.
Suggest your final sentence in the format 'Generated Sentence: [your sentence]'. Do not include any explanation, and end your generation after providing the sentence."
8775,admire,'look' is a hypernym of the specific sense of 'admire'.,"{""v"": [""feel admiration for"", ""look at with admiration""]}",image.6400.jpg,v,1.0,"the verb 'admire' that can be interpreted as:
 1. feel admiration for
 2. look at with admiration
---
Generate a natural ambiguous sentence using polysemous word 'admire' once so that the sentence can be interpreted in more than one meaning.
In the generated sentence, the verb 'admire' should be interpreted as 'feel admiration for'. However, the sentence should not imply any of the given definitions too strongly. The sentence should be natural and commonly used in daily life.
Suggest your final sentence in the format 'Generated Sentence: [your sentence]'. Do not include any explanation, and end your generation after providing the sentence."
8859,document,'writing' is a hypernym of the specific sense of 'document'.,"{""n"": [""writing that provides information (especially information of an official nature)"", ""anything serving as a representation of a person's thinking by means of symbolic marks"", ""a written account of ownership or obligation"", ""(computer science) a computer file that contains text (and possibly formatting instructions) using seven-bit ASCII characters""], ""v"": [""record in detail"", ""support or supply with references""]}",image.6530.jpg,n,1.0,"the noun 'document' that can be interpreted as:
 1. writing that provides information (especially information of an official nature)
 2. anything serving as a representation of a person's thinking by means of symbolic marks
 3. a written account of ownership or obligation
 4. (computer science) a computer file that contains text (and possibly formatting instructions) using seven-bit ASCII characters
---
Generate a natural ambiguous sentence using polysemous word 'document' once so that the sentence can be interpreted in more than one meaning.
In the generated sentence, the noun 'document' should be interpreted as 'writing that provides information (especially information of an official nature)'. However, the sentence should not imply any of the given definitions too strongly. The sentence should be natural and commonly used in daily life.
Suggest your final sentence in the format 'Generated Sentence: [your sentence]'. Do not include any explanation, and end your generation after providing the sentence."
8870,giant,'being' is a hypernym of the specific sense of 'giant'.,"{""n"": [""any creature of exceptional size"", ""a person of exceptional importance and reputation"", ""an unusually large enterprise"", ""a very large person; impressive in size or qualities"", ""someone or something that is abnormally large and powerful"", ""an imaginary figure of superhuman size and strength; appears in folklore and fairy tales"", ""a very bright star of large diameter and low density (relative to the Sun)""], ""a"": [""of great mass; huge and bulky""]}",image.1297.jpg,n,5.0,"the noun 'giant' that can be interpreted as:
 1. any creature of exceptional size
 2. a person of exceptional importance and reputation
 3. an unusually large enterprise
 4. a very large person; impressive in size or qualities
 5. someone or something that is abnormally large and powerful
 6. an imaginary figure of superhuman size and strength; appears in folklore and fairy tales
 7. a very bright star of large diameter and low density (relative to the Sun)
---
Generate a natural ambiguous sentence using polysemous word 'giant' once so that the sentence can be interpreted in more than one meaning.
In the generated sentence, the noun 'giant' should be interpreted as 'someone or something that is abnormally large and powerful'. However, the sentence should not imply any of the given definitions too strongly. The sentence should be natural and commonly used in daily life.
Suggest your final sentence in the format 'Generated Sentence: [your sentence]'. Do not include any explanation, and end your generation after providing the sentence."
8971,batting,'attempt' is a hypernym of the specific sense of 'batting'.,"{""n"": [""(baseball) the batter's attempt to get on base"", ""stuffing made of rolls or sheets of cotton wool or synthetic fiber""], ""v"": [""strike with, or as if with a baseball bat"", ""wink briefly"", ""have a turn at bat"", ""use a bat"", ""beat thoroughly and conclusively in a competition or fight""]}",image.5215.jpg,v,4.0,"the verb 'batting' that can be interpreted as:
 1. strike with, or as if with a baseball bat
 2. wink briefly
 3. have a turn at bat
 4. use a bat
 5. beat thoroughly and conclusively in a competition or fight
---
Generate a natural ambiguous sentence using polysemous word 'batting' once so that the sentence can be interpreted in more than one meaning.
In the generated sentence, the verb 'batting' should be interpreted as 'use a bat'. However, the sentence should not imply any of the given definitions too strongly. The sentence should be natural and commonly used in daily life.
Suggest your final sentence in the format 'Generated Sentence: [your sentence]'. Do not include any explanation, and end your generation after providing the sentence."
9005,waratah,'shrub' is a hypernym of the specific sense of 'waratah'.,"{""n"": [""straggling shrub with narrow leaves and conspicuous red flowers in dense globular racemes"", ""tall shrub of eastern Australia having oblanceolate to obovate leaves and red flowers in compact racemes""]}",image.6930.jpg,n,1.0,"the noun 'waratah' that can be interpreted as:
 1. straggling shrub with narrow leaves and conspicuous red flowers in dense globular racemes
 2. tall shrub of eastern Australia having oblanceolate to obovate leaves and red flowers in compact racemes
---
Generate a natural ambiguous sentence using polysemous word 'waratah' once so that the sentence can be interpreted in more than one meaning.
In the generated sentence, the noun 'waratah' should be interpreted as 'straggling shrub with narrow leaves and conspicuous red flowers in dense globular racemes'. However, the sentence should not imply any of the given definitions too strongly. The sentence should be natural and commonly used in daily life.
Suggest your final sentence in the format 'Generated Sentence: [your sentence]'. Do not include any explanation, and end your generation after providing the sentence."
9009,stare,'look' is a hypernym of the specific sense of 'stare'.,"{""n"": [""a fixed look with eyes open wide""], ""v"": [""look at with fixed eyes"", ""fixate one's eyes""]}",image.8798.jpg,v,1.0,"the verb 'stare' that can be interpreted as:
 1. look at with fixed eyes
 2. fixate one's eyes
---
Generate a natural ambiguous sentence using polysemous word 'stare' once so that the sentence can be interpreted in more than one meaning.
In the generated sentence, the verb 'stare' should be interpreted as 'look at with fixed eyes'. However, the sentence should not imply any of the given definitions too strongly. The sentence should be natural and commonly used in daily life.
Suggest your final sentence in the format 'Generated Sentence: [your sentence]'. Do not include any explanation, and end your generation after providing the sentence."
9062,carol,'song' is a hypernym of the specific sense of 'carol'.,"{""n"": [""joyful religious song celebrating the birth of Christ"", ""a joyful song (usually celebrating the birth of Christ)""], ""v"": [""sing carols""]}",image.10253.jpg,n,1.0,"the noun 'carol' that can be interpreted as:
 1. joyful religious song celebrating the birth of Christ
 2. a joyful song (usually celebrating the birth of Christ)
---
Generate a natural ambiguous sentence using polysemous word 'carol' once so that the sentence can be interpreted in more than one meaning.
In the generated sentence, the noun 'carol' should be interpreted as 'joyful religious song celebrating the birth of Christ'. However, the sentence should not imply any of the given definitions too strongly. The sentence should be natural and commonly used in daily life.
Suggest your final sentence in the format 'Generated Sentence: [your sentence]'. Do not include any explanation, and end your generation after providing the sentence."
9080,thump,'hit' is a hypernym of the specific sense of 'thump'.,"{""n"": [""a heavy dull sound (as made by impact of heavy objects)"", ""a heavy blow with the hand""], ""v"": [""move rhythmically"", ""make a dull sound"", ""hit hard with the hand, fist, or some heavy instrument""]}",image.5519.jpg,v,3.0,"the verb 'thump' that can be interpreted as:
 1. move rhythmically
 2. make a dull sound
 3. hit hard with the hand, fist, or some heavy instrument
---
Generate a natural ambiguous sentence using polysemous word 'thump' once so that the sentence can be interpreted in more than one meaning.
In the generated sentence, the verb 'thump' should be interpreted as 'hit hard with the hand, fist, or some heavy instrument'. However, the sentence should not imply any of the given definitions too strongly. The sentence should be natural and commonly used in daily life.
Suggest your final sentence in the format 'Generated Sentence: [your sentence]'. Do not include any explanation, and end your generation after providing the sentence."
9096,cards,'game' is a hypernym of the specific sense of 'cards'.,"{""n"": [""a game played with playing cards"", ""one of a set of small pieces of stiff paper marked in various ways and used for playing games or for telling fortunes"", ""a card certifying the identity of the bearer"", ""a rectangular piece of stiff paper used to send messages (may have printed greetings or pictures)"", ""thin cardboard, usually rectangular"", ""a witty amusing person who makes jokes"", ""a sign posted in a public place as an advertisement"", ""a printed or written greeting that is left to indicate that you have visited"", ""(golf) a record of scores (as in golf)"", ""a list of dishes available at a restaurant"", ""(baseball) a list of batters in the order in which they will bat"", ""a printed circuit that can be inserted into expansion slots in a computer to increase the computer's capabilities""], ""v"": [""separate the fibers of"", ""ask someone for identification to determine whether he or she is old enough to consume liquor""]}",image.9436.jpg,n,2.0,"the noun 'cards' that can be interpreted as:
 1. a game played with playing cards
 2. one of a set of small pieces of stiff paper marked in various ways and used for playing games or for telling fortunes
 3. a card certifying the identity of the bearer
 4. a rectangular piece of stiff paper used to send messages (may have printed greetings or pictures)
 5. thin cardboard, usually rectangular
 6. a witty amusing person who makes jokes
 7. a sign posted in a public place as an advertisement
 8. a printed or written greeting that is left to indicate that you have visited
 9. (golf) a record of scores (as in golf)
 10. a list of dishes available at a restaurant
 11. (baseball) a list of batters in the order in which they will bat
 12. a printed circuit that can be inserted into expansion slots in a computer to increase the computer's capabilities
---
Generate a natural ambiguous sentence using polysemous word 'cards' once so that the sentence can be interpreted in more than one meaning.
In the generated sentence, the noun 'cards' should be interpreted as 'one of a set of small pieces of stiff paper marked in various ways and used for playing games or for telling fortunes'. However, the sentence should not imply any of the given definitions too strongly. The sentence should be natural and commonly used in daily life.
Suggest your final sentence in the format 'Generated Sentence: [your sentence]'. Do not include any explanation, and end your generation after providing the sentence."
9148,blow,'amplify' is a hypernym of the specific sense of 'blow'.,"{""n"": [""a powerful stroke with the fist or a weapon"", ""an impact (as from a collision)"", ""an unfortunate happening that hinders or impedes; something that is thwarting or frustrating"", ""an unpleasant or disappointing surprise"", ""a strong current of air"", ""street names for cocaine"", ""forceful exhalation through the nose or mouth""], ""v"": [""exhale hard"", ""be blowing or storming"", ""free of obstruction by blowing air through"", ""be in motion due to some air or water current"", ""make a sound as if blown"", ""shape by blowing"", ""make a mess of, destroy or ruin"", ""spend thoughtlessly; throw away"", ""spend lavishly or wastefully on"", ""sound by having air expelled through a tube"", ""play or sound a wind instrument"", ""provide sexual gratification through oral stimulation"", ""cause air to go in, on, or through"", ""cause to move by means of an air current"", ""spout moist air from the blowhole"", ""leave; informal or rude"", ""lay eggs"", ""cause to be revealed and jeopardized"", ""show off"", ""allow to regain its breath"", ""melt, break, or become otherwise unusable"", ""burst suddenly""]}",image.1242.jpg,n,3.0,"the noun 'blow' that can be interpreted as:
 1. a powerful stroke with the fist or a weapon
 2. an impact (as from a collision)
 3. an unfortunate happening that hinders or impedes; something that is thwarting or frustrating
 4. an unpleasant or disappointing surprise
 5. a strong current of air
 6. street names for cocaine
 7. forceful exhalation through the nose or mouth
---
Generate a natural ambiguous sentence using polysemous word 'blow' once so that the sentence can be interpreted in more than one meaning.
In the generated sentence, the noun 'blow' should be interpreted as 'an unfortunate happening that hinders or impedes; something that is thwarting or frustrating'. However, the sentence should not imply any of the given definitions too strongly. The sentence should be natural and commonly used in daily life.
Suggest your final sentence in the format 'Generated Sentence: [your sentence]'. Do not include any explanation, and end your generation after providing the sentence."
9150,calico,'fabric' is a hypernym of the specific sense of 'calico'.,"{""n"": [""coarse cloth with a bright print""], ""a"": [""made of calico or resembling calico in being patterned"", ""having sections or patches colored differently and usually brightly""]}",image.5010.jpg,a,2.0,"the adjective 'calico' that can be interpreted as:
 1. made of calico or resembling calico in being patterned
 2. having sections or patches colored differently and usually brightly
---
Generate a natural ambiguous sentence using polysemous word 'calico' once so that the sentence can be interpreted in more than one meaning.
In the generated sentence, the adjective 'calico' should be interpreted as 'having sections or patches colored differently and usually brightly'. However, the sentence should not imply any of the given definitions too strongly. The sentence should be natural and commonly used in daily life.
Suggest your final sentence in the format 'Generated Sentence: [your sentence]'. Do not include any explanation, and end your generation after providing the sentence."
9158,primary,'election' is a hypernym of the specific sense of 'primary'.,"{""n"": [""a preliminary election where delegates or nominees are chosen"", ""one of the main flight feathers projecting along the outer edge of a bird's wing"", ""(astronomy) a celestial body (especially a star) relative to other objects in orbit around it"", ""coil forming the part of an electrical circuit such that changing current in it induces a current in a neighboring circuit""], ""a"": [""of first rank or importance or value; direct and immediate rather than secondary"", ""not derived from or reducible to something else; basic"", ""most important element"", ""of or being the essential or basic part"", ""of primary importance""]}",image.287.jpg,a,1.0,"the adjective 'primary' that can be interpreted as:
 1. of first rank or importance or value; direct and immediate rather than secondary
 2. not derived from or reducible to something else; basic
 3. most important element
 4. of or being the essential or basic part
 5. of primary importance
---
Generate a natural ambiguous sentence using polysemous word 'primary' once so that the sentence can be interpreted in more than one meaning.
In the generated sentence, the adjective 'primary' should be interpreted as 'of first rank or importance or value; direct and immediate rather than secondary'. However, the sentence should not imply any of the given definitions too strongly. The sentence should be natural and commonly used in daily life.
Suggest your final sentence in the format 'Generated Sentence: [your sentence]'. Do not include any explanation, and end your generation after providing the sentence."
9173,bryozoa,'phylum' is a hypernym of the specific sense of 'bryozoa'.,"{""n"": [""marine or freshwater animals that form colonies of zooids"", ""sessile aquatic animal forming mossy colonies of small polyps each having a curved or circular ridge bearing tentacles; attach to stones or seaweed and reproduce by budding""]}",image.12886.jpg,n,1.0,"the noun 'bryozoa' that can be interpreted as:
 1. marine or freshwater animals that form colonies of zooids
 2. sessile aquatic animal forming mossy colonies of small polyps each having a curved or circular ridge bearing tentacles; attach to stones or seaweed and reproduce by budding
---
Generate a natural ambiguous sentence using polysemous word 'bryozoa' once so that the sentence can be interpreted in more than one meaning.
In the generated sentence, the noun 'bryozoa' should be interpreted as 'marine or freshwater animals that form colonies of zooids'. However, the sentence should not imply any of the given definitions too strongly. The sentence should be natural and commonly used in daily life.
Suggest your final sentence in the format 'Generated Sentence: [your sentence]'. Do not include any explanation, and end your generation after providing the sentence."
9338,impersonation,'deceit' is a hypernym of the specific sense of 'impersonation'.,"{""n"": [""a representation of a person that is exaggerated for comic effect"", ""pretending to be another person"", ""imitating the mannerisms of another person""]}",image.12006.jpg,n,1.0,"the noun 'impersonation' that can be interpreted as:
 1. a representation of a person that is exaggerated for comic effect
 2. pretending to be another person
 3. imitating the mannerisms of another person
---
Generate a natural ambiguous sentence using polysemous word 'impersonation' once so that the sentence can be interpreted in more than one meaning.
In the generated sentence, the noun 'impersonation' should be interpreted as 'a representation of a person that is exaggerated for comic effect'. However, the sentence should not imply any of the given definitions too strongly. The sentence should be natural and commonly used in daily life.
Suggest your final sentence in the format 'Generated Sentence: [your sentence]'. Do not include any explanation, and end your generation after providing the sentence."
9358,lapidary,'expert' is a hypernym of the specific sense of 'lapidary'.,"{""n"": [""an expert on precious stones and the art of cutting and engraving them"", ""a skilled worker who cuts and engraves precious stones""], ""a"": [""of or relating to precious stones or the art of working with them; - Lord Byron""]}",image.4868.jpg,n,1.0,"the noun 'lapidary' that can be interpreted as:
 1. an expert on precious stones and the art of cutting and engraving them
 2. a skilled worker who cuts and engraves precious stones
---
Generate a natural ambiguous sentence using polysemous word 'lapidary' once so that the sentence can be interpreted in more than one meaning.
In the generated sentence, the noun 'lapidary' should be interpreted as 'an expert on precious stones and the art of cutting and engraving them'. However, the sentence should not imply any of the given definitions too strongly. The sentence should be natural and commonly used in daily life.
Suggest your final sentence in the format 'Generated Sentence: [your sentence]'. Do not include any explanation, and end your generation after providing the sentence."
9438,conodont,'agnathan' is a hypernym of the specific sense of 'conodont'.,"{""n"": [""the tiny fossil cone-shaped tooth of a primitive vertebrate of order Conodonta"", ""small (2 inches long) extinct eellike fish with a finned tail and a notochord and having cone-shaped teeth containing cellular bone; late Cambrian to late Triassic; possible predecessor of the cyclostomes""]}",image.7210.jpg,n,1.0,"the noun 'conodont' that can be interpreted as:
 1. the tiny fossil cone-shaped tooth of a primitive vertebrate of order Conodonta
 2. small (2 inches long) extinct eellike fish with a finned tail and a notochord and having cone-shaped teeth containing cellular bone; late Cambrian to late Triassic; possible predecessor of the cyclostomes
---
Generate a natural ambiguous sentence using polysemous word 'conodont' once so that the sentence can be interpreted in more than one meaning.
In the generated sentence, the noun 'conodont' should be interpreted as 'the tiny fossil cone-shaped tooth of a primitive vertebrate of order Conodonta'. However, the sentence should not imply any of the given definitions too strongly. The sentence should be natural and commonly used in daily life.
Suggest your final sentence in the format 'Generated Sentence: [your sentence]'. Do not include any explanation, and end your generation after providing the sentence."
9485,ceremony,'affair' is a hypernym of the specific sense of 'ceremony'.,"{""n"": [""a formal event performed on a special occasion"", ""any activity that is performed in an especially solemn elaborate or formal way"", ""the proper or conventional behavior on some solemn occasion""]}",image.9379.jpg,n,1.0,"the noun 'ceremony' that can be interpreted as:
 1. a formal event performed on a special occasion
 2. any activity that is performed in an especially solemn elaborate or formal way
 3. the proper or conventional behavior on some solemn occasion
---
Generate a natural ambiguous sentence using polysemous word 'ceremony' once so that the sentence can be interpreted in more than one meaning.
In the generated sentence, the noun 'ceremony' should be interpreted as 'a formal event performed on a special occasion'. However, the sentence should not imply any of the given definitions too strongly. The sentence should be natural and commonly used in daily life.
Suggest your final sentence in the format 'Generated Sentence: [your sentence]'. Do not include any explanation, and end your generation after providing the sentence."
9635,agree,'be' is a hypernym of the specific sense of 'agree'.,"{""v"": [""be in accord; be in agreement"", ""consent or assent to a condition, or agree to do something"", ""be compatible, similar or consistent; coincide in their characteristics"", ""go together"", ""show grammatical agreement"", ""be agreeable or suitable"", ""achieve harmony of opinion, feeling, or purpose""]}",image.10400.jpg,v,1.0,"the verb 'agree' that can be interpreted as:
 1. be in accord; be in agreement
 2. consent or assent to a condition, or agree to do something
 3. be compatible, similar or consistent; coincide in their characteristics
 4. go together
 5. show grammatical agreement
 6. be agreeable or suitable
 7. achieve harmony of opinion, feeling, or purpose
---
Generate a natural ambiguous sentence using polysemous word 'agree' once so that the sentence can be interpreted in more than one meaning.
In the generated sentence, the verb 'agree' should be interpreted as 'be in accord; be in agreement'. However, the sentence should not imply any of the given definitions too strongly. The sentence should be natural and commonly used in daily life.
Suggest your final sentence in the format 'Generated Sentence: [your sentence]'. Do not include any explanation, and end your generation after providing the sentence."
9636,tilefish,'percoid' is a hypernym of the specific sense of 'tilefish'.,"{""n"": [""important marine food fishes"", ""yellow-spotted violet food fish of warm deep waters""]}",image.5745.jpg,n,1.0,"the noun 'tilefish' that can be interpreted as:
 1. important marine food fishes
 2. yellow-spotted violet food fish of warm deep waters
---
Generate a natural ambiguous sentence using polysemous word 'tilefish' once so that the sentence can be interpreted in more than one meaning.
In the generated sentence, the noun 'tilefish' should be interpreted as 'important marine food fishes'. However, the sentence should not imply any of the given definitions too strongly. The sentence should be natural and commonly used in daily life.
Suggest your final sentence in the format 'Generated Sentence: [your sentence]'. Do not include any explanation, and end your generation after providing the sentence."
9713,frost-weed,'crown-beard' is a hypernym of the specific sense of 'frost-weed'.,"{""n"": [""perennial of the eastern United States having early solitary yellow flowers followed by late petalless flowers; so-called because ice crystals form on it during first frosts"", ""tall perennial herb having clusters of white flowers; the eastern United States""]}",image.11799.jpg,n,1.0,"the noun 'frost-weed' that can be interpreted as:
 1. perennial of the eastern United States having early solitary yellow flowers followed by late petalless flowers; so-called because ice crystals form on it during first frosts
 2. tall perennial herb having clusters of white flowers; the eastern United States
---
Generate a natural ambiguous sentence using polysemous word 'frost-weed' once so that the sentence can be interpreted in more than one meaning.
In the generated sentence, the noun 'frost-weed' should be interpreted as 'perennial of the eastern United States having early solitary yellow flowers followed by late petalless flowers; so-called because ice crystals form on it during first frosts'. However, the sentence should not imply any of the given definitions too strongly. The sentence should be natural and commonly used in daily life.
Suggest your final sentence in the format 'Generated Sentence: [your sentence]'. Do not include any explanation, and end your generation after providing the sentence."
9776,model,'help' is a hypernym of the specific sense of 'model'.,"{""n"": [""a hypothetical description of a complex entity or process"", ""a type of product"", ""a person who poses for a photographer or painter or sculptor"", ""representation of something (sometimes on a smaller scale)"", ""something to be imitated"", ""someone worthy of imitation"", ""a representative form or pattern"", ""a woman who wears clothes to display fashions"", ""the act of representing something (usually on a smaller scale)""], ""v"": [""plan or create according to a model or models"", ""form in clay, wax, etc"", ""assume a posture as for artistic purposes"", ""display (clothes) as a mannequin"", ""create a representation or model of"", ""construct a model of""], ""a"": [""worthy of imitation""]}",image.3608.jpg,n,8.0,"the noun 'model' that can be interpreted as:
 1. a hypothetical description of a complex entity or process
 2. a type of product
 3. a person who poses for a photographer or painter or sculptor
 4. representation of something (sometimes on a smaller scale)
 5. something to be imitated
 6. someone worthy of imitation
 7. a representative form or pattern
 8. a woman who wears clothes to display fashions
 9. the act of representing something (usually on a smaller scale)
---
Generate a natural ambiguous sentence using polysemous word 'model' once so that the sentence can be interpreted in more than one meaning.
In the generated sentence, the noun 'model' should be interpreted as 'a woman who wears clothes to display fashions'. However, the sentence should not imply any of the given definitions too strongly. The sentence should be natural and commonly used in daily life.
Suggest your final sentence in the format 'Generated Sentence: [your sentence]'. Do not include any explanation, and end your generation after providing the sentence."
9912,explain,'justify' is a hypernym of the specific sense of 'explain'.,"{""v"": [""make plain and comprehensible"", ""define"", ""serve as a reason or cause or justification of""]}",image.8665.jpg,v,1.0,"the verb 'explain' that can be interpreted as:
 1. make plain and comprehensible
 2. define
 3. serve as a reason or cause or justification of
---
Generate a natural ambiguous sentence using polysemous word 'explain' once so that the sentence can be interpreted in more than one meaning.
In the generated sentence, the verb 'explain' should be interpreted as 'make plain and comprehensible'. However, the sentence should not imply any of the given definitions too strongly. The sentence should be natural and commonly used in daily life.
Suggest your final sentence in the format 'Generated Sentence: [your sentence]'. Do not include any explanation, and end your generation after providing the sentence."
9942,childhood,'immatureness' is a hypernym of the specific sense of 'childhood'.,"{""n"": [""the time of person's life when they are a child"", ""the state of a child between infancy and adolescence""]}",image.2098.jpg,n,1.0,"the noun 'childhood' that can be interpreted as:
 1. the time of person's life when they are a child
 2. the state of a child between infancy and adolescence
---
Generate a natural ambiguous sentence using polysemous word 'childhood' once so that the sentence can be interpreted in more than one meaning.
In the generated sentence, the noun 'childhood' should be interpreted as 'the time of person's life when they are a child'. However, the sentence should not imply any of the given definitions too strongly. The sentence should be natural and commonly used in daily life.
Suggest your final sentence in the format 'Generated Sentence: [your sentence]'. Do not include any explanation, and end your generation after providing the sentence."
9980,illustrate,'elaborate' is a hypernym of the specific sense of 'illustrate'.,"{""v"": [""clarify by giving an example of"", ""depict with an illustration"", ""supply with illustrations""]}",image.5097.jpg,v,1.0,"the verb 'illustrate' that can be interpreted as:
 1. clarify by giving an example of
 2. depict with an illustration
 3. supply with illustrations
---
Generate a natural ambiguous sentence using polysemous word 'illustrate' once so that the sentence can be interpreted in more than one meaning.
In the generated sentence, the verb 'illustrate' should be interpreted as 'clarify by giving an example of'. However, the sentence should not imply any of the given definitions too strongly. The sentence should be natural and commonly used in daily life.
Suggest your final sentence in the format 'Generated Sentence: [your sentence]'. Do not include any explanation, and end your generation after providing the sentence."
10068,cardoon,'vegetable' is a hypernym of the specific sense of 'cardoon'.,"{""n"": [""southern European plant having spiny leaves and purple flowers cultivated for its edible leafstalks and roots"", ""only parts eaten are roots and especially stalks (blanched and used as celery); related to artichokes""]}",image.16876.jpg,n,2.0,"the noun 'cardoon' that can be interpreted as:
 1. southern European plant having spiny leaves and purple flowers cultivated for its edible leafstalks and roots
 2. only parts eaten are roots and especially stalks (blanched and used as celery); related to artichokes
---
Generate a natural ambiguous sentence using polysemous word 'cardoon' once so that the sentence can be interpreted in more than one meaning.
In the generated sentence, the noun 'cardoon' should be interpreted as 'only parts eaten are roots and especially stalks (blanched and used as celery); related to artichokes'. However, the sentence should not imply any of the given definitions too strongly. The sentence should be natural and commonly used in daily life.
Suggest your final sentence in the format 'Generated Sentence: [your sentence]'. Do not include any explanation, and end your generation after providing the sentence."
10099,poke,'desserts' is a hypernym of the specific sense of 'poke'.,"{""n"": [""tall coarse perennial American herb having small white flowers followed by blackish-red berries on long drooping racemes; young fleshy stems are edible; berries and root are poisonous"", ""someone who takes more time than necessary; someone who lags behind"", ""a bag made of paper or plastic for holding customer's purchases"", ""a sharp hand gesture (resembling a blow)"", ""(boxing) a blow with the fist""], ""v"": [""poke or thrust abruptly"", ""search or inquire in a meddlesome way"", ""stir by poking"", ""hit hard with the hand, fist, or some heavy instrument"", ""make a hole by poking""]}",image.6486.jpg,v,1.0,"the verb 'poke' that can be interpreted as:
 1. poke or thrust abruptly
 2. search or inquire in a meddlesome way
 3. stir by poking
 4. hit hard with the hand, fist, or some heavy instrument
 5. make a hole by poking
---
Generate a natural ambiguous sentence using polysemous word 'poke' once so that the sentence can be interpreted in more than one meaning.
In the generated sentence, the verb 'poke' should be interpreted as 'poke or thrust abruptly'. However, the sentence should not imply any of the given definitions too strongly. The sentence should be natural and commonly used in daily life.
Suggest your final sentence in the format 'Generated Sentence: [your sentence]'. Do not include any explanation, and end your generation after providing the sentence."
10110,trip,'prism' is a hypernym of the specific sense of 'trip'.,"{""n"": [""a journey for some purpose (usually including the return)"", ""a hallucinatory experience induced by drugs"", ""an accidental misstep threatening (or causing) a fall"", ""an exciting or stimulating experience"", ""a catch mechanism that acts as a switch"", ""a light or nimble tread"", ""an unintentional but embarrassing blunder""], ""v"": [""miss a step and fall or nearly fall"", ""cause to stumble"", ""make a trip for pleasure"", ""put in motion or move to act"", ""get high, stoned, or drugged""]}",image.2536.jpg,n,7.0,"the noun 'trip' that can be interpreted as:
 1. a journey for some purpose (usually including the return)
 2. a hallucinatory experience induced by drugs
 3. an accidental misstep threatening (or causing) a fall
 4. an exciting or stimulating experience
 5. a catch mechanism that acts as a switch
 6. a light or nimble tread
 7. an unintentional but embarrassing blunder
---
Generate a natural ambiguous sentence using polysemous word 'trip' once so that the sentence can be interpreted in more than one meaning.
In the generated sentence, the noun 'trip' should be interpreted as 'an unintentional but embarrassing blunder'. However, the sentence should not imply any of the given definitions too strongly. The sentence should be natural and commonly used in daily life.
Suggest your final sentence in the format 'Generated Sentence: [your sentence]'. Do not include any explanation, and end your generation after providing the sentence."
10146,eat,'spend' is a hypernym of the specific sense of 'eat'.,"{""v"": [""take in solid food"", ""eat a meal; take a meal"", ""take in food; used of animals only"", ""worry or cause anxiety in a persistent way"", ""use up (resources or materials)"", ""cause to deteriorate due to the action of water, air, or an acid""]}",image.13337.jpg,v,5.0,"the verb 'eat' that can be interpreted as:
 1. take in solid food
 2. eat a meal; take a meal
 3. take in food; used of animals only
 4. worry or cause anxiety in a persistent way
 5. use up (resources or materials)
 6. cause to deteriorate due to the action of water, air, or an acid
---
Generate a natural ambiguous sentence using polysemous word 'eat' once so that the sentence can be interpreted in more than one meaning.
In the generated sentence, the verb 'eat' should be interpreted as 'use up (resources or materials)'. However, the sentence should not imply any of the given definitions too strongly. The sentence should be natural and commonly used in daily life.
Suggest your final sentence in the format 'Generated Sentence: [your sentence]'. Do not include any explanation, and end your generation after providing the sentence."
10228,labdanum,'oleoresin' is a hypernym of the specific sense of 'labdanum'.,"{""n"": [""a dark brown to greenish oleoresin that has a fragrant odor and is used as a fixative in perfumes; obtained as a juice from certain rockroses"", ""a soft blackish-brown resinous exudate from various rockroses used in perfumes especially as a fixative""]}",image.8752.jpg,n,1.0,"the noun 'labdanum' that can be interpreted as:
 1. a dark brown to greenish oleoresin that has a fragrant odor and is used as a fixative in perfumes; obtained as a juice from certain rockroses
 2. a soft blackish-brown resinous exudate from various rockroses used in perfumes especially as a fixative
---
Generate a natural ambiguous sentence using polysemous word 'labdanum' once so that the sentence can be interpreted in more than one meaning.
In the generated sentence, the noun 'labdanum' should be interpreted as 'a dark brown to greenish oleoresin that has a fragrant odor and is used as a fixative in perfumes; obtained as a juice from certain rockroses'. However, the sentence should not imply any of the given definitions too strongly. The sentence should be natural and commonly used in daily life.
Suggest your final sentence in the format 'Generated Sentence: [your sentence]'. Do not include any explanation, and end your generation after providing the sentence."
10244,corydalis,'genus' is a hypernym of the specific sense of 'corydalis'.,"{""n"": [""a plant of the genus Corydalis with beautiful compound foliage and spurred tubular flowers"", ""annual or perennial herbs of Himalayan China and South Africa"", ""type genus of the Corydalidae""]}",image.15021.jpg,n,1.0,"the noun 'corydalis' that can be interpreted as:
 1. a plant of the genus Corydalis with beautiful compound foliage and spurred tubular flowers
 2. annual or perennial herbs of Himalayan China and South Africa
 3. type genus of the Corydalidae
---
Generate a natural ambiguous sentence using polysemous word 'corydalis' once so that the sentence can be interpreted in more than one meaning.
In the generated sentence, the noun 'corydalis' should be interpreted as 'a plant of the genus Corydalis with beautiful compound foliage and spurred tubular flowers'. However, the sentence should not imply any of the given definitions too strongly. The sentence should be natural and commonly used in daily life.
Suggest your final sentence in the format 'Generated Sentence: [your sentence]'. Do not include any explanation, and end your generation after providing the sentence."
10267,waterwheel,'plant' is a hypernym of the specific sense of 'waterwheel'.,"{""n"": [""a wheel with buckets attached to its rim; raises water from a stream or pond"", ""a wheel that rotates by direct action of water; a simple turbine""]}",image.14370.jpg,n,2.0,"the noun 'waterwheel' that can be interpreted as:
 1. a wheel with buckets attached to its rim; raises water from a stream or pond
 2. a wheel that rotates by direct action of water; a simple turbine
---
Generate a natural ambiguous sentence using polysemous word 'waterwheel' once so that the sentence can be interpreted in more than one meaning.
In the generated sentence, the noun 'waterwheel' should be interpreted as 'a wheel that rotates by direct action of water; a simple turbine'. However, the sentence should not imply any of the given definitions too strongly. The sentence should be natural and commonly used in daily life.
Suggest your final sentence in the format 'Generated Sentence: [your sentence]'. Do not include any explanation, and end your generation after providing the sentence."
10276,belfry,'room' is a hypernym of the specific sense of 'belfry'.,"{""n"": [""a bell tower; usually stands alone unattached to a building"", ""a room (often at the top of a tower) where bells are hung""]}",image.13765.jpg,n,2.0,"the noun 'belfry' that can be interpreted as:
 1. a bell tower; usually stands alone unattached to a building
 2. a room (often at the top of a tower) where bells are hung
---
Generate a natural ambiguous sentence using polysemous word 'belfry' once so that the sentence can be interpreted in more than one meaning.
In the generated sentence, the noun 'belfry' should be interpreted as 'a room (often at the top of a tower) where bells are hung'. However, the sentence should not imply any of the given definitions too strongly. The sentence should be natural and commonly used in daily life.
Suggest your final sentence in the format 'Generated Sentence: [your sentence]'. Do not include any explanation, and end your generation after providing the sentence."
10333,reversal,'judgment' is a hypernym of the specific sense of 'reversal'.,"{""n"": [""a change from one state to the opposite state"", ""an unfortunate happening that hinders or impedes; something that is thwarting or frustrating"", ""turning in an opposite direction or position"", ""a decision to reverse an earlier decision"", ""a judgment by a higher court that the judgment of a lower court was incorrect and should be set aside"", ""turning in the opposite direction"", ""the act of reversing the order or place of"", ""a major change in attitude or principle or point of view""]}",image.402.jpg,n,4.0,"the noun 'reversal' that can be interpreted as:
 1. a change from one state to the opposite state
 2. an unfortunate happening that hinders or impedes; something that is thwarting or frustrating
 3. turning in an opposite direction or position
 4. a decision to reverse an earlier decision
 5. a judgment by a higher court that the judgment of a lower court was incorrect and should be set aside
 6. turning in the opposite direction
 7. the act of reversing the order or place of
 8. a major change in attitude or principle or point of view
---
Generate a natural ambiguous sentence using polysemous word 'reversal' once so that the sentence can be interpreted in more than one meaning.
In the generated sentence, the noun 'reversal' should be interpreted as 'a decision to reverse an earlier decision'. However, the sentence should not imply any of the given definitions too strongly. The sentence should be natural and commonly used in daily life.
Suggest your final sentence in the format 'Generated Sentence: [your sentence]'. Do not include any explanation, and end your generation after providing the sentence."
10432,communicate,'transmit' is a hypernym of the specific sense of 'communicate'.,"{""v"": [""transmit information"", ""transmit thoughts or feelings"", ""transfer to another"", ""join or connect"", ""be in verbal contact; interchange information or ideas"", ""administer Communion; in church"", ""receive Communion, in the Catholic church""]}",image.6652.jpg,v,1.0,"the verb 'communicate' that can be interpreted as:
 1. transmit information
 2. transmit thoughts or feelings
 3. transfer to another
 4. join or connect
 5. be in verbal contact; interchange information or ideas
 6. administer Communion; in church
 7. receive Communion, in the Catholic church
---
Generate a natural ambiguous sentence using polysemous word 'communicate' once so that the sentence can be interpreted in more than one meaning.
In the generated sentence, the verb 'communicate' should be interpreted as 'transmit information'. However, the sentence should not imply any of the given definitions too strongly. The sentence should be natural and commonly used in daily life.
Suggest your final sentence in the format 'Generated Sentence: [your sentence]'. Do not include any explanation, and end your generation after providing the sentence."
10444,calisthenics,'exercise' is a hypernym of the specific sense of 'calisthenics'.,"{""n"": [""the practice of calisthenic exercises"", ""light exercises designed to promote general fitness""]}",image.2377.jpg,n,2.0,"the noun 'calisthenics' that can be interpreted as:
 1. the practice of calisthenic exercises
 2. light exercises designed to promote general fitness
---
Generate a natural ambiguous sentence using polysemous word 'calisthenics' once so that the sentence can be interpreted in more than one meaning.
In the generated sentence, the noun 'calisthenics' should be interpreted as 'light exercises designed to promote general fitness'. However, the sentence should not imply any of the given definitions too strongly. The sentence should be natural and commonly used in daily life.
Suggest your final sentence in the format 'Generated Sentence: [your sentence]'. Do not include any explanation, and end your generation after providing the sentence."
10523,mission,'work' is a hypernym of the specific sense of 'mission'.,"{""n"": [""an organization of missionaries in a foreign land sent to carry on religious work"", ""an operation that is assigned by a higher headquarters"", ""a special assignment that is given to a person or group"", ""the organized work of a religious missionary"", ""a group of representatives or delegates""]}",image.7243.jpg,n,1.0,"the noun 'mission' that can be interpreted as:
 1. an organization of missionaries in a foreign land sent to carry on religious work
 2. an operation that is assigned by a higher headquarters
 3. a special assignment that is given to a person or group
 4. the organized work of a religious missionary
 5. a group of representatives or delegates
---
Generate a natural ambiguous sentence using polysemous word 'mission' once so that the sentence can be interpreted in more than one meaning.
In the generated sentence, the noun 'mission' should be interpreted as 'an organization of missionaries in a foreign land sent to carry on religious work'. However, the sentence should not imply any of the given definitions too strongly. The sentence should be natural and commonly used in daily life.
Suggest your final sentence in the format 'Generated Sentence: [your sentence]'. Do not include any explanation, and end your generation after providing the sentence."
10615,proselytism,'persuasion' is a hypernym of the specific sense of 'proselytism'.,"{""n"": [""the practice of proselytizing"", ""the state of being a proselyte; spiritual rebirth resulting from the zeal of crusading advocacy of the gospel""]}",image.8659.jpg,n,1.0,"the noun 'proselytism' that can be interpreted as:
 1. the practice of proselytizing
 2. the state of being a proselyte; spiritual rebirth resulting from the zeal of crusading advocacy of the gospel
---
Generate a natural ambiguous sentence using polysemous word 'proselytism' once so that the sentence can be interpreted in more than one meaning.
In the generated sentence, the noun 'proselytism' should be interpreted as 'the practice of proselytizing'. However, the sentence should not imply any of the given definitions too strongly. The sentence should be natural and commonly used in daily life.
Suggest your final sentence in the format 'Generated Sentence: [your sentence]'. Do not include any explanation, and end your generation after providing the sentence."
10628,restharrow,'subshrub' is a hypernym of the specific sense of 'restharrow'.,"{""n"": [""Eurasian plant having loose racemes of pink or purple flowers and spiny stems and tough roots"", ""European woody plant having pink flowers and unifoliate leaves and long tough roots; spreads by underground runners""]}",image.1426.jpg,n,1.0,"the noun 'restharrow' that can be interpreted as:
 1. Eurasian plant having loose racemes of pink or purple flowers and spiny stems and tough roots
 2. European woody plant having pink flowers and unifoliate leaves and long tough roots; spreads by underground runners
---
Generate a natural ambiguous sentence using polysemous word 'restharrow' once so that the sentence can be interpreted in more than one meaning.
In the generated sentence, the noun 'restharrow' should be interpreted as 'Eurasian plant having loose racemes of pink or purple flowers and spiny stems and tough roots'. However, the sentence should not imply any of the given definitions too strongly. The sentence should be natural and commonly used in daily life.
Suggest your final sentence in the format 'Generated Sentence: [your sentence]'. Do not include any explanation, and end your generation after providing the sentence."
10668,streusel,'pastry' is a hypernym of the specific sense of 'streusel'.,"{""n"": [""pastry with a topping of streusel"", ""a crumbly topping for a pastry""]}",image.12420.jpg,n,1.0,"the noun 'streusel' that can be interpreted as:
 1. pastry with a topping of streusel
 2. a crumbly topping for a pastry
---
Generate a natural ambiguous sentence using polysemous word 'streusel' once so that the sentence can be interpreted in more than one meaning.
In the generated sentence, the noun 'streusel' should be interpreted as 'pastry with a topping of streusel'. However, the sentence should not imply any of the given definitions too strongly. The sentence should be natural and commonly used in daily life.
Suggest your final sentence in the format 'Generated Sentence: [your sentence]'. Do not include any explanation, and end your generation after providing the sentence."
10734,aries,'sheepskin' is a hypernym of the specific sense of 'aries'.,"{""n"": [""(astrology) a person who is born while the sun is in Aries"", ""a small zodiacal constellation in the northern hemisphere; between Pisces and Taurus"", ""the first sign of the zodiac which the sun enters at the vernal equinox; the sun is in this sign from about March 21 to April 19""]}",image.7774.jpg,n,2.0,"the noun 'aries' that can be interpreted as:
 1. (astrology) a person who is born while the sun is in Aries
 2. a small zodiacal constellation in the northern hemisphere; between Pisces and Taurus
 3. the first sign of the zodiac which the sun enters at the vernal equinox; the sun is in this sign from about March 21 to April 19
---
Generate a natural ambiguous sentence using polysemous word 'aries' once so that the sentence can be interpreted in more than one meaning.
In the generated sentence, the noun 'aries' should be interpreted as 'a small zodiacal constellation in the northern hemisphere; between Pisces and Taurus'. However, the sentence should not imply any of the given definitions too strongly. The sentence should be natural and commonly used in daily life.
Suggest your final sentence in the format 'Generated Sentence: [your sentence]'. Do not include any explanation, and end your generation after providing the sentence."
10800,intemperance,'vice' is a hypernym of the specific sense of 'intemperance'.,"{""n"": [""the quality of being intemperate"", ""consumption of alcoholic drinks"", ""excess in action and immoderate indulgence of bodily appetites, especially in passion or indulgence""]}",image.5243.jpg,n,3.0,"the noun 'intemperance' that can be interpreted as:
 1. the quality of being intemperate
 2. consumption of alcoholic drinks
 3. excess in action and immoderate indulgence of bodily appetites, especially in passion or indulgence
---
Generate a natural ambiguous sentence using polysemous word 'intemperance' once so that the sentence can be interpreted in more than one meaning.
In the generated sentence, the noun 'intemperance' should be interpreted as 'excess in action and immoderate indulgence of bodily appetites, especially in passion or indulgence'. However, the sentence should not imply any of the given definitions too strongly. The sentence should be natural and commonly used in daily life.
Suggest your final sentence in the format 'Generated Sentence: [your sentence]'. Do not include any explanation, and end your generation after providing the sentence."
10898,archangel,'angelica' is a hypernym of the specific sense of 'archangel'.,"{""n"": [""an angel ranked above the highest rank in the celestial hierarchy"", ""a biennial cultivated herb; its stems are candied and eaten and its roots are used medicinally""]}",image.14056.jpg,n,1.0,"the noun 'archangel' that can be interpreted as:
 1. an angel ranked above the highest rank in the celestial hierarchy
 2. a biennial cultivated herb; its stems are candied and eaten and its roots are used medicinally
---
Generate a natural ambiguous sentence using polysemous word 'archangel' once so that the sentence can be interpreted in more than one meaning.
In the generated sentence, the noun 'archangel' should be interpreted as 'an angel ranked above the highest rank in the celestial hierarchy'. However, the sentence should not imply any of the given definitions too strongly. The sentence should be natural and commonly used in daily life.
Suggest your final sentence in the format 'Generated Sentence: [your sentence]'. Do not include any explanation, and end your generation after providing the sentence."
10907,suspicion,'doubt' is a hypernym of the specific sense of 'suspicion'.,"{""n"": [""an impression that something might be the case"", ""doubt about someone's honesty"", ""the state of being suspected"", ""being of a suspicious nature""]}",image.3024.jpg,n,3.0,"the noun 'suspicion' that can be interpreted as:
 1. an impression that something might be the case
 2. doubt about someone's honesty
 3. the state of being suspected
 4. being of a suspicious nature
---
Generate a natural ambiguous sentence using polysemous word 'suspicion' once so that the sentence can be interpreted in more than one meaning.
In the generated sentence, the noun 'suspicion' should be interpreted as 'the state of being suspected'. However, the sentence should not imply any of the given definitions too strongly. The sentence should be natural and commonly used in daily life.
Suggest your final sentence in the format 'Generated Sentence: [your sentence]'. Do not include any explanation, and end your generation after providing the sentence."
11077,excite,'evoke' is a hypernym of the specific sense of 'excite'.,"{""v"": [""arouse or elicit a feeling"", ""act as a stimulant"", ""stir feelings in"", ""cause to be agitated, excited, or roused"", ""stimulate sexually"", ""stir the feelings, emotions, or peace of"", ""raise to a higher energy level"", ""produce a magnetic field in""]}",image.5585.jpg,v,1.0,"the verb 'excite' that can be interpreted as:
 1. arouse or elicit a feeling
 2. act as a stimulant
 3. stir feelings in
 4. cause to be agitated, excited, or roused
 5. stimulate sexually
 6. stir the feelings, emotions, or peace of
 7. raise to a higher energy level
 8. produce a magnetic field in
---
Generate a natural ambiguous sentence using polysemous word 'excite' once so that the sentence can be interpreted in more than one meaning.
In the generated sentence, the verb 'excite' should be interpreted as 'arouse or elicit a feeling'. However, the sentence should not imply any of the given definitions too strongly. The sentence should be natural and commonly used in daily life.
Suggest your final sentence in the format 'Generated Sentence: [your sentence]'. Do not include any explanation, and end your generation after providing the sentence."
11079,stretching,'exercise' is a hypernym of the specific sense of 'stretching'.,"{""n"": [""act of expanding by lengthening or widening"", ""exercise designed to extend the limbs and muscles to their full extent""], ""v"": [""occupy a large, elongated area"", ""extend one's limbs or muscles, or the entire body"", ""extend or stretch out to a greater or the full length"", ""become longer by being stretched and pulled"", ""make long or longer by pulling and stretching"", ""lie down comfortably"", ""pull in opposite directions"", ""extend the scope or meaning of; often unduly"", ""corrupt, debase, or make impure by adding a foreign or inferior substance; often by replacing valuable ingredients with inferior ones"", ""increase in quantity or bulk by adding a cheaper substance"", ""extend one's body or limbs""]}",image.12607.jpg,v,2.0,"the verb 'stretching' that can be interpreted as:
 1. occupy a large, elongated area
 2. extend one's limbs or muscles, or the entire body
 3. extend or stretch out to a greater or the full length
 4. become longer by being stretched and pulled
 5. make long or longer by pulling and stretching
 6. lie down comfortably
 7. pull in opposite directions
 8. extend the scope or meaning of; often unduly
 9. corrupt, debase, or make impure by adding a foreign or inferior substance; often by replacing valuable ingredients with inferior ones
 10. increase in quantity or bulk by adding a cheaper substance
 11. extend one's body or limbs
---
Generate a natural ambiguous sentence using polysemous word 'stretching' once so that the sentence can be interpreted in more than one meaning.
In the generated sentence, the verb 'stretching' should be interpreted as 'extend one's limbs or muscles, or the entire body'. However, the sentence should not imply any of the given definitions too strongly. The sentence should be natural and commonly used in daily life.
Suggest your final sentence in the format 'Generated Sentence: [your sentence]'. Do not include any explanation, and end your generation after providing the sentence."
11151,lent,'season' is a hypernym of the specific sense of 'lent'.,"{""n"": [""a period of 40 weekdays from Ash Wednesday to Holy Saturday""], ""v"": [""bestow a quality on"", ""give temporarily; let have for a limited time"", ""have certain characteristics of qualities for something; be open or vulnerable to""]}",image.6339.jpg,v,2.0,"the verb 'lent' that can be interpreted as:
 1. bestow a quality on
 2. give temporarily; let have for a limited time
 3. have certain characteristics of qualities for something; be open or vulnerable to
---
Generate a natural ambiguous sentence using polysemous word 'lent' once so that the sentence can be interpreted in more than one meaning.
In the generated sentence, the verb 'lent' should be interpreted as 'give temporarily; let have for a limited time'. However, the sentence should not imply any of the given definitions too strongly. The sentence should be natural and commonly used in daily life.
Suggest your final sentence in the format 'Generated Sentence: [your sentence]'. Do not include any explanation, and end your generation after providing the sentence."
11182,squat,'exercise' is a hypernym of the specific sense of 'squat'.,"{""n"": [""exercising by repeatedly assuming a crouching position with the knees bent; strengthens the leg muscles"", ""a small worthless amount"", ""the act of assuming or maintaining a crouching position with the knees bent and the buttocks near the heels""], ""v"": [""sit on one's heels"", ""be close to the earth, or be disproportionately wide"", ""occupy (a dwelling) illegally""], ""a"": [""short and thick; as e.g. having short legs and heavy musculature"", ""having a low center of gravity; built low to the ground""]}",image.2244.jpg,v,1.0,"the verb 'squat' that can be interpreted as:
 1. sit on one's heels
 2. be close to the earth, or be disproportionately wide
 3. occupy (a dwelling) illegally
---
Generate a natural ambiguous sentence using polysemous word 'squat' once so that the sentence can be interpreted in more than one meaning.
In the generated sentence, the verb 'squat' should be interpreted as 'sit on one's heels'. However, the sentence should not imply any of the given definitions too strongly. The sentence should be natural and commonly used in daily life.
Suggest your final sentence in the format 'Generated Sentence: [your sentence]'. Do not include any explanation, and end your generation after providing the sentence."
11184,chloride,'compound' is a hypernym of the specific sense of 'chloride'.,"{""n"": [""any compound containing a chlorine atom"", ""any salt of hydrochloric acid (containing the chloride ion)""]}",image.7873.jpg,n,1.0,"the noun 'chloride' that can be interpreted as:
 1. any compound containing a chlorine atom
 2. any salt of hydrochloric acid (containing the chloride ion)
---
Generate a natural ambiguous sentence using polysemous word 'chloride' once so that the sentence can be interpreted in more than one meaning.
In the generated sentence, the noun 'chloride' should be interpreted as 'any compound containing a chlorine atom'. However, the sentence should not imply any of the given definitions too strongly. The sentence should be natural and commonly used in daily life.
Suggest your final sentence in the format 'Generated Sentence: [your sentence]'. Do not include any explanation, and end your generation after providing the sentence."
11243,watercress,'cress' is a hypernym of the specific sense of 'watercress'.,"{""n"": [""any of several water-loving cresses"", ""cresses that grow in clear ponds and streams""], ""a"": [""of a moderate yellow-green color that is greener and deeper than moss green and yellower and darker than pea green""]}",image.11228.jpg,n,2.0,"the noun 'watercress' that can be interpreted as:
 1. any of several water-loving cresses
 2. cresses that grow in clear ponds and streams
---
Generate a natural ambiguous sentence using polysemous word 'watercress' once so that the sentence can be interpreted in more than one meaning.
In the generated sentence, the noun 'watercress' should be interpreted as 'cresses that grow in clear ponds and streams'. However, the sentence should not imply any of the given definitions too strongly. The sentence should be natural and commonly used in daily life.
Suggest your final sentence in the format 'Generated Sentence: [your sentence]'. Do not include any explanation, and end your generation after providing the sentence."
11250,writing,'communication' is a hypernym of the specific sense of 'writing'.,"{""n"": [""the act of creating written works"", ""the work of a writer; anything expressed in letters of the alphabet (especially when considered from the point of view of style and effect)"", ""(usually plural) the collected work of an author"", ""letters or symbols that are written or imprinted on a surface to represent the sounds or words of a language"", ""the activity of putting something in written form""], ""v"": [""produce a literary work"", ""communicate or express by writing"", ""have (one's written work) issued for publication"", ""communicate (with) in writing"", ""communicate by letter"", ""write music"", ""mark or trace on a surface"", ""record data on a computer"", ""write or name the letters that comprise the conventionally accepted form of (a word or part of a word)"", ""create code, write a computer program""]}",image.5604.jpg,n,5.0,"the noun 'writing' that can be interpreted as:
 1. the act of creating written works
 2. the work of a writer; anything expressed in letters of the alphabet (especially when considered from the point of view of style and effect)
 3. (usually plural) the collected work of an author
 4. letters or symbols that are written or imprinted on a surface to represent the sounds or words of a language
 5. the activity of putting something in written form
---
Generate a natural ambiguous sentence using polysemous word 'writing' once so that the sentence can be interpreted in more than one meaning.
In the generated sentence, the noun 'writing' should be interpreted as 'the activity of putting something in written form'. However, the sentence should not imply any of the given definitions too strongly. The sentence should be natural and commonly used in daily life.
Suggest your final sentence in the format 'Generated Sentence: [your sentence]'. Do not include any explanation, and end your generation after providing the sentence."
11283,thyme,'herb' is a hypernym of the specific sense of 'thyme'.,"{""n"": [""any of various mints of the genus Thymus"", ""leaves can be used as seasoning for almost any meat and stews and stuffings and vegetables""]}",image.1624.jpg,n,1.0,"the noun 'thyme' that can be interpreted as:
 1. any of various mints of the genus Thymus
 2. leaves can be used as seasoning for almost any meat and stews and stuffings and vegetables
---
Generate a natural ambiguous sentence using polysemous word 'thyme' once so that the sentence can be interpreted in more than one meaning.
In the generated sentence, the noun 'thyme' should be interpreted as 'any of various mints of the genus Thymus'. However, the sentence should not imply any of the given definitions too strongly. The sentence should be natural and commonly used in daily life.
Suggest your final sentence in the format 'Generated Sentence: [your sentence]'. Do not include any explanation, and end your generation after providing the sentence."
11335,kaftan,'cloak' is a hypernym of the specific sense of 'kaftan'.,"{""n"": [""a woman's dress style that imitates the caftan cloaks worn by men in the Near East"", ""a (cotton or silk) cloak with full sleeves and sash reaching down to the ankles; worn by men in the Levant""]}",image.7543.jpg,n,2.0,"the noun 'kaftan' that can be interpreted as:
 1. a woman's dress style that imitates the caftan cloaks worn by men in the Near East
 2. a (cotton or silk) cloak with full sleeves and sash reaching down to the ankles; worn by men in the Levant
---
Generate a natural ambiguous sentence using polysemous word 'kaftan' once so that the sentence can be interpreted in more than one meaning.
In the generated sentence, the noun 'kaftan' should be interpreted as 'a (cotton or silk) cloak with full sleeves and sash reaching down to the ankles; worn by men in the Levant'. However, the sentence should not imply any of the given definitions too strongly. The sentence should be natural and commonly used in daily life.
Suggest your final sentence in the format 'Generated Sentence: [your sentence]'. Do not include any explanation, and end your generation after providing the sentence."
11343,welsh,'pony' is a hypernym of the specific sense of 'welsh'.,"{""n"": [""a native or resident of Wales"", ""a Celtic language of Wales"", ""a breed of dual-purpose cattle developed in Wales""], ""v"": [""cheat by avoiding payment of a gambling debt""], ""a"": [""of or relating to or characteristic of Wales or its people or their language""]}",image.12252.jpg,n,2.0,"the noun 'welsh' that can be interpreted as:
 1. a native or resident of Wales
 2. a Celtic language of Wales
 3. a breed of dual-purpose cattle developed in Wales
---
Generate a natural ambiguous sentence using polysemous word 'welsh' once so that the sentence can be interpreted in more than one meaning.
In the generated sentence, the noun 'welsh' should be interpreted as 'a Celtic language of Wales'. However, the sentence should not imply any of the given definitions too strongly. The sentence should be natural and commonly used in daily life.
Suggest your final sentence in the format 'Generated Sentence: [your sentence]'. Do not include any explanation, and end your generation after providing the sentence."
11418,stretch,'tense' is a hypernym of the specific sense of 'stretch'.,"{""n"": [""a large and unbroken expanse or distance"", ""the act of physically reaching or thrusting out"", ""a straightaway section of a racetrack"", ""exercise designed to extend the limbs and muscles to their full extent"", ""extension to or beyond the ordinary limit"", ""an unbroken period of time during which you do something"", ""the capacity for being stretched""], ""v"": [""occupy a large, elongated area"", ""extend one's limbs or muscles, or the entire body"", ""extend or stretch out to a greater or the full length"", ""become longer by being stretched and pulled"", ""make long or longer by pulling and stretching"", ""lie down comfortably"", ""pull in opposite directions"", ""extend the scope or meaning of; often unduly"", ""corrupt, debase, or make impure by adding a foreign or inferior substance; often by replacing valuable ingredients with inferior ones"", ""increase in quantity or bulk by adding a cheaper substance"", ""extend one's body or limbs""], ""a"": [""having an elongated seating area"", ""easily stretched""]}",image.12038.jpg,v,2.0,"the verb 'stretch' that can be interpreted as:
 1. occupy a large, elongated area
 2. extend one's limbs or muscles, or the entire body
 3. extend or stretch out to a greater or the full length
 4. become longer by being stretched and pulled
 5. make long or longer by pulling and stretching
 6. lie down comfortably
 7. pull in opposite directions
 8. extend the scope or meaning of; often unduly
 9. corrupt, debase, or make impure by adding a foreign or inferior substance; often by replacing valuable ingredients with inferior ones
 10. increase in quantity or bulk by adding a cheaper substance
 11. extend one's body or limbs
---
Generate a natural ambiguous sentence using polysemous word 'stretch' once so that the sentence can be interpreted in more than one meaning.
In the generated sentence, the verb 'stretch' should be interpreted as 'extend one's limbs or muscles, or the entire body'. However, the sentence should not imply any of the given definitions too strongly. The sentence should be natural and commonly used in daily life.
Suggest your final sentence in the format 'Generated Sentence: [your sentence]'. Do not include any explanation, and end your generation after providing the sentence."
11564,celtuce,'lettuce' is a hypernym of the specific sense of 'celtuce'.,"{""n"": [""lettuce valued especially for its edible stems"", ""leaves having celery-like stems eaten raw or cooked""]}",image.14200.jpg,n,1.0,"the noun 'celtuce' that can be interpreted as:
 1. lettuce valued especially for its edible stems
 2. leaves having celery-like stems eaten raw or cooked
---
Generate a natural ambiguous sentence using polysemous word 'celtuce' once so that the sentence can be interpreted in more than one meaning.
In the generated sentence, the noun 'celtuce' should be interpreted as 'lettuce valued especially for its edible stems'. However, the sentence should not imply any of the given definitions too strongly. The sentence should be natural and commonly used in daily life.
Suggest your final sentence in the format 'Generated Sentence: [your sentence]'. Do not include any explanation, and end your generation after providing the sentence."
11596,hope,'feeling' is a hypernym of the specific sense of 'hope'.,"{""n"": [""a specific instance of feeling hopeful"", ""the general feeling that some desire will be fulfilled"", ""grounds for feeling hopeful about the future"", ""someone (or something) on which expectations are centered"", ""United States comedian (born in England) who appeared in films with Bing Crosby (1903-2003)"", ""one of the three Christian virtues""], ""v"": [""expect and wish"", ""be optimistic; be full of hope; have hopes"", ""intend with some possibility of fulfilment""]}",image.2685.jpg,n,3.0,"the noun 'hope' that can be interpreted as:
 1. a specific instance of feeling hopeful
 2. the general feeling that some desire will be fulfilled
 3. grounds for feeling hopeful about the future
 4. someone (or something) on which expectations are centered
 5. United States comedian (born in England) who appeared in films with Bing Crosby (1903-2003)
 6. one of the three Christian virtues
---
Generate a natural ambiguous sentence using polysemous word 'hope' once so that the sentence can be interpreted in more than one meaning.
In the generated sentence, the noun 'hope' should be interpreted as 'grounds for feeling hopeful about the future'. However, the sentence should not imply any of the given definitions too strongly. The sentence should be natural and commonly used in daily life.
Suggest your final sentence in the format 'Generated Sentence: [your sentence]'. Do not include any explanation, and end your generation after providing the sentence."
11600,wave,'move' is a hypernym of the specific sense of 'wave'.,"{""n"": [""one of a series of ridges that moves across the surface of a liquid (especially across a large body of water)"", ""a movement like that of a sudden occurrence or increase in a specified phenomenon"", ""(physics) a movement up and down or back and forth"", ""something that rises rapidly"", ""the act of signaling by a movement of the hand"", ""a hairdo that creates undulations in the hair"", ""an undulating curve"", ""a persistent and widespread unusual weather condition (especially of unusual temperatures)"", ""a member of the women's reserve of the United States Navy; originally organized during World War II but now no longer a separate branch""], ""v"": [""signal with the hands or nod"", ""move or swing back and forth"", ""move in a wavy pattern or with a rising and falling motion"", ""twist or roll into coils or ringlets"", ""set waves in""]}",image.9590.jpg,n,7.0,"the noun 'wave' that can be interpreted as:
 1. one of a series of ridges that moves across the surface of a liquid (especially across a large body of water)
 2. a movement like that of a sudden occurrence or increase in a specified phenomenon
 3. (physics) a movement up and down or back and forth
 4. something that rises rapidly
 5. the act of signaling by a movement of the hand
 6. a hairdo that creates undulations in the hair
 7. an undulating curve
 8. a persistent and widespread unusual weather condition (especially of unusual temperatures)
 9. a member of the women's reserve of the United States Navy; originally organized during World War II but now no longer a separate branch
---
Generate a natural ambiguous sentence using polysemous word 'wave' once so that the sentence can be interpreted in more than one meaning.
In the generated sentence, the noun 'wave' should be interpreted as 'an undulating curve'. However, the sentence should not imply any of the given definitions too strongly. The sentence should be natural and commonly used in daily life.
Suggest your final sentence in the format 'Generated Sentence: [your sentence]'. Do not include any explanation, and end your generation after providing the sentence."
11650,tart,'pie' is a hypernym of the specific sense of 'tart'.,"{""n"": [""a woman who engages in sexual intercourse for money"", ""a small open pie with a fruit filling"", ""a pastry cup with a filling of fruit or custard and no top crust""], ""a"": [""tasting sour like a lemon"", ""harsh""]}",image.11907.jpg,n,3.0,"the noun 'tart' that can be interpreted as:
 1. a woman who engages in sexual intercourse for money
 2. a small open pie with a fruit filling
 3. a pastry cup with a filling of fruit or custard and no top crust
---
Generate a natural ambiguous sentence using polysemous word 'tart' once so that the sentence can be interpreted in more than one meaning.
In the generated sentence, the noun 'tart' should be interpreted as 'a pastry cup with a filling of fruit or custard and no top crust'. However, the sentence should not imply any of the given definitions too strongly. The sentence should be natural and commonly used in daily life.
Suggest your final sentence in the format 'Generated Sentence: [your sentence]'. Do not include any explanation, and end your generation after providing the sentence."
11823,shortstop,'position' is a hypernym of the specific sense of 'shortstop'.,"{""n"": [""(baseball) the person who plays the shortstop position"", ""the fielding position of the player on a baseball team who is stationed between second and third base""]}",image.1327.jpg,n,2.0,"the noun 'shortstop' that can be interpreted as:
 1. (baseball) the person who plays the shortstop position
 2. the fielding position of the player on a baseball team who is stationed between second and third base
---
Generate a natural ambiguous sentence using polysemous word 'shortstop' once so that the sentence can be interpreted in more than one meaning.
In the generated sentence, the noun 'shortstop' should be interpreted as 'the fielding position of the player on a baseball team who is stationed between second and third base'. However, the sentence should not imply any of the given definitions too strongly. The sentence should be natural and commonly used in daily life.
Suggest your final sentence in the format 'Generated Sentence: [your sentence]'. Do not include any explanation, and end your generation after providing the sentence."
11927,avocado,'fruittree' is a hypernym of the specific sense of 'avocado'.,"{""n"": [""a pear-shaped tropical fruit with green or blackish skin and rich yellowish pulp enclosing a single large seed"", ""tropical American tree bearing large pulpy green fruits""], ""a"": [""of the dull yellowish green of the meat of an avocado""]}",image.6083.jpg,n,1.0,"the noun 'avocado' that can be interpreted as:
 1. a pear-shaped tropical fruit with green or blackish skin and rich yellowish pulp enclosing a single large seed
 2. tropical American tree bearing large pulpy green fruits
---
Generate a natural ambiguous sentence using polysemous word 'avocado' once so that the sentence can be interpreted in more than one meaning.
In the generated sentence, the noun 'avocado' should be interpreted as 'a pear-shaped tropical fruit with green or blackish skin and rich yellowish pulp enclosing a single large seed'. However, the sentence should not imply any of the given definitions too strongly. The sentence should be natural and commonly used in daily life.
Suggest your final sentence in the format 'Generated Sentence: [your sentence]'. Do not include any explanation, and end your generation after providing the sentence."
11971,gummosis,'phytopathogen' is a hypernym of the specific sense of 'gummosis'.,"{""n"": [""pathological production of gummy exudates in citrus and various stone-fruit trees"", ""disease of citrus trees caused by the fungus Phytophthora citrophthora""]}",image.11270.jpg,n,1.0,"the noun 'gummosis' that can be interpreted as:
 1. pathological production of gummy exudates in citrus and various stone-fruit trees
 2. disease of citrus trees caused by the fungus Phytophthora citrophthora
---
Generate a natural ambiguous sentence using polysemous word 'gummosis' once so that the sentence can be interpreted in more than one meaning.
In the generated sentence, the noun 'gummosis' should be interpreted as 'pathological production of gummy exudates in citrus and various stone-fruit trees'. However, the sentence should not imply any of the given definitions too strongly. The sentence should be natural and commonly used in daily life.
Suggest your final sentence in the format 'Generated Sentence: [your sentence]'. Do not include any explanation, and end your generation after providing the sentence."
12056,tinning,'application' is a hypernym of the specific sense of 'tinning'.,"{""n"": [""the application of a thin layer of soft solder to the ends of wires before soldering them"", ""the application of a protective layer of tin""], ""v"": [""plate with tin"", ""preserve in a can or tin"", ""prepare (a metal) for soldering or brazing by applying a thin layer of solder to the surface""]}",image.1824.jpg,v,3.0,"the verb 'tinning' that can be interpreted as:
 1. plate with tin
 2. preserve in a can or tin
 3. prepare (a metal) for soldering or brazing by applying a thin layer of solder to the surface
---
Generate a natural ambiguous sentence using polysemous word 'tinning' once so that the sentence can be interpreted in more than one meaning.
In the generated sentence, the verb 'tinning' should be interpreted as 'prepare (a metal) for soldering or brazing by applying a thin layer of solder to the surface'. However, the sentence should not imply any of the given definitions too strongly. The sentence should be natural and commonly used in daily life.
Suggest your final sentence in the format 'Generated Sentence: [your sentence]'. Do not include any explanation, and end your generation after providing the sentence."
12067,fit,'wear' is a hypernym of the specific sense of 'fit'.,"{""n"": [""a display of bad temper"", ""a sudden uncontrollable attack"", ""the manner in which something fits"", ""a sudden flurry of activity (often for no obvious reason)""], ""v"": [""be agreeable or acceptable to"", ""be the right size or shape; fit correctly or as desired"", ""satisfy a condition or restriction"", ""make fit"", ""insert or adjust several objects or people"", ""be compatible, similar or consistent; coincide in their characteristics"", ""conform to some shape or size"", ""provide with (something) usually for a specific purpose"", ""make correspond or harmonize""], ""a"": [""meeting adequate standards for a purpose"", ""(usually followed by `to' or `for') on the point of or strongly disposed"", ""physically and mentally sound or healthy""]}",image.7894.jpg,v,2.0,"the verb 'fit' that can be interpreted as:
 1. be agreeable or acceptable to
 2. be the right size or shape; fit correctly or as desired
 3. satisfy a condition or restriction
 4. make fit
 5. insert or adjust several objects or people
 6. be compatible, similar or consistent; coincide in their characteristics
 7. conform to some shape or size
 8. provide with (something) usually for a specific purpose
 9. make correspond or harmonize
---
Generate a natural ambiguous sentence using polysemous word 'fit' once so that the sentence can be interpreted in more than one meaning.
In the generated sentence, the verb 'fit' should be interpreted as 'be the right size or shape; fit correctly or as desired'. However, the sentence should not imply any of the given definitions too strongly. The sentence should be natural and commonly used in daily life.
Suggest your final sentence in the format 'Generated Sentence: [your sentence]'. Do not include any explanation, and end your generation after providing the sentence."
12096,brookweed,'pimpernel' is a hypernym of the specific sense of 'brookweed'.,"{""n"": [""American water pimpernel"", ""water pimpernel of Europe to China""]}",image.13719.jpg,n,2.0,"the noun 'brookweed' that can be interpreted as:
 1. American water pimpernel
 2. water pimpernel of Europe to China
---
Generate a natural ambiguous sentence using polysemous word 'brookweed' once so that the sentence can be interpreted in more than one meaning.
In the generated sentence, the noun 'brookweed' should be interpreted as 'water pimpernel of Europe to China'. However, the sentence should not imply any of the given definitions too strongly. The sentence should be natural and commonly used in daily life.
Suggest your final sentence in the format 'Generated Sentence: [your sentence]'. Do not include any explanation, and end your generation after providing the sentence."
12278,shout,'express' is a hypernym of the specific sense of 'shout'.,"{""n"": [""a loud utterance; often in protest or opposition""], ""v"": [""utter in a loud voice; talk in a loud voice (usually denoting characteristic manner of speaking)"", ""utter a sudden loud cry"", ""utter aloud; often with surprise, horror, or joy"", ""use foul or abusive language towards""]}",image.2455.jpg,v,3.0,"the verb 'shout' that can be interpreted as:
 1. utter in a loud voice; talk in a loud voice (usually denoting characteristic manner of speaking)
 2. utter a sudden loud cry
 3. utter aloud; often with surprise, horror, or joy
 4. use foul or abusive language towards
---
Generate a natural ambiguous sentence using polysemous word 'shout' once so that the sentence can be interpreted in more than one meaning.
In the generated sentence, the verb 'shout' should be interpreted as 'utter aloud; often with surprise, horror, or joy'. However, the sentence should not imply any of the given definitions too strongly. The sentence should be natural and commonly used in daily life.
Suggest your final sentence in the format 'Generated Sentence: [your sentence]'. Do not include any explanation, and end your generation after providing the sentence."
12341,bear,'clear' is a hypernym of the specific sense of 'bear'.,"{""n"": [""massive plantigrade carnivorous or omnivorous mammals with long shaggy coats and strong claws"", ""an investor with a pessimistic market outlook; an investor who expects prices to fall and so sells now in order to buy later at a lower price""], ""v"": [""have"", ""cause to be born"", ""put up with something or somebody unpleasant"", ""move while holding up or supporting"", ""bring forth,"", ""take on as one's own the expenses or debts of another person"", ""contain or hold; have within"", ""bring in"", ""have on one's person"", ""behave in a certain manner"", ""have rightfully; of rights, titles, and offices"", ""support or hold in a certain manner"", ""be pregnant with""]}",image.7781.jpg,v,7.0,"the verb 'bear' that can be interpreted as:
 1. have
 2. cause to be born
 3. put up with something or somebody unpleasant
 4. move while holding up or supporting
 5. bring forth,
 6. take on as one's own the expenses or debts of another person
 7. contain or hold; have within
 8. bring in
 9. have on one's person
 10. behave in a certain manner
 11. have rightfully; of rights, titles, and offices
 12. support or hold in a certain manner
 13. be pregnant with
---
Generate a natural ambiguous sentence using polysemous word 'bear' once so that the sentence can be interpreted in more than one meaning.
In the generated sentence, the verb 'bear' should be interpreted as 'contain or hold; have within'. However, the sentence should not imply any of the given definitions too strongly. The sentence should be natural and commonly used in daily life.
Suggest your final sentence in the format 'Generated Sentence: [your sentence]'. Do not include any explanation, and end your generation after providing the sentence."
12362,bear,'have' is a hypernym of the specific sense of 'bear'.,"{""n"": [""massive plantigrade carnivorous or omnivorous mammals with long shaggy coats and strong claws"", ""an investor with a pessimistic market outlook; an investor who expects prices to fall and so sells now in order to buy later at a lower price""], ""v"": [""have"", ""cause to be born"", ""put up with something or somebody unpleasant"", ""move while holding up or supporting"", ""bring forth,"", ""take on as one's own the expenses or debts of another person"", ""contain or hold; have within"", ""bring in"", ""have on one's person"", ""behave in a certain manner"", ""have rightfully; of rights, titles, and offices"", ""support or hold in a certain manner"", ""be pregnant with""]}",image.11790.jpg,v,1.0,"the verb 'bear' that can be interpreted as:
 1. have
 2. cause to be born
 3. put up with something or somebody unpleasant
 4. move while holding up or supporting
 5. bring forth,
 6. take on as one's own the expenses or debts of another person
 7. contain or hold; have within
 8. bring in
 9. have on one's person
 10. behave in a certain manner
 11. have rightfully; of rights, titles, and offices
 12. support or hold in a certain manner
 13. be pregnant with
---
Generate a natural ambiguous sentence using polysemous word 'bear' once so that the sentence can be interpreted in more than one meaning.
In the generated sentence, the verb 'bear' should be interpreted as 'have'. However, the sentence should not imply any of the given definitions too strongly. The sentence should be natural and commonly used in daily life.
Suggest your final sentence in the format 'Generated Sentence: [your sentence]'. Do not include any explanation, and end your generation after providing the sentence."
12386,elixir,'substance' is a hypernym of the specific sense of 'elixir'.,"{""n"": [""a sweet flavored liquid (usually containing a small amount of alcohol) used in compounding medicines to be taken by mouth in order to mask an unpleasant taste"", ""hypothetical substance that the alchemists believed to be capable of changing base metals into gold"", ""a substance believed to cure all ills""]}",image.3556.jpg,n,2.0,"the noun 'elixir' that can be interpreted as:
 1. a sweet flavored liquid (usually containing a small amount of alcohol) used in compounding medicines to be taken by mouth in order to mask an unpleasant taste
 2. hypothetical substance that the alchemists believed to be capable of changing base metals into gold
 3. a substance believed to cure all ills
---
Generate a natural ambiguous sentence using polysemous word 'elixir' once so that the sentence can be interpreted in more than one meaning.
In the generated sentence, the noun 'elixir' should be interpreted as 'hypothetical substance that the alchemists believed to be capable of changing base metals into gold'. However, the sentence should not imply any of the given definitions too strongly. The sentence should be natural and commonly used in daily life.
Suggest your final sentence in the format 'Generated Sentence: [your sentence]'. Do not include any explanation, and end your generation after providing the sentence."
12400,taro,'arum' is a hypernym of the specific sense of 'taro'.,"{""n"": [""edible starchy tuberous root of taro plants"", ""herb of the Pacific islands grown throughout the tropics for its edible root and in temperate areas as an ornamental for its large glossy leaves"", ""tropical starchy tuberous root""]}",image.9180.jpg,n,1.0,"the noun 'taro' that can be interpreted as:
 1. edible starchy tuberous root of taro plants
 2. herb of the Pacific islands grown throughout the tropics for its edible root and in temperate areas as an ornamental for its large glossy leaves
 3. tropical starchy tuberous root
---
Generate a natural ambiguous sentence using polysemous word 'taro' once so that the sentence can be interpreted in more than one meaning.
In the generated sentence, the noun 'taro' should be interpreted as 'edible starchy tuberous root of taro plants'. However, the sentence should not imply any of the given definitions too strongly. The sentence should be natural and commonly used in daily life.
Suggest your final sentence in the format 'Generated Sentence: [your sentence]'. Do not include any explanation, and end your generation after providing the sentence."
12616,shipwreck,'accident' is a hypernym of the specific sense of 'shipwreck'.,"{""n"": [""a wrecked ship (or a part of one)"", ""an irretrievable loss"", ""an accident that destroys a ship at sea""], ""v"": [""ruin utterly"", ""suffer failure, as in some enterprise"", ""cause to experience shipwreck"", ""destroy a ship""]}",image.3657.jpg,n,1.0,"the noun 'shipwreck' that can be interpreted as:
 1. a wrecked ship (or a part of one)
 2. an irretrievable loss
 3. an accident that destroys a ship at sea
---
Generate a natural ambiguous sentence using polysemous word 'shipwreck' once so that the sentence can be interpreted in more than one meaning.
In the generated sentence, the noun 'shipwreck' should be interpreted as 'a wrecked ship (or a part of one)'. However, the sentence should not imply any of the given definitions too strongly. The sentence should be natural and commonly used in daily life.
Suggest your final sentence in the format 'Generated Sentence: [your sentence]'. Do not include any explanation, and end your generation after providing the sentence."
12653,citrus,'fruit' is a hypernym of the specific sense of 'citrus'.,"{""n"": [""any of numerous fruits of the genus Citrus having thick rind and juicy pulp; grown in warm regions"", ""any of numerous tropical usually thorny evergreen trees of the genus Citrus having leathery evergreen leaves and widely cultivated for their juicy edible fruits having leathery aromatic rinds""]}",image.8516.jpg,n,2.0,"the noun 'citrus' that can be interpreted as:
 1. any of numerous fruits of the genus Citrus having thick rind and juicy pulp; grown in warm regions
 2. any of numerous tropical usually thorny evergreen trees of the genus Citrus having leathery evergreen leaves and widely cultivated for their juicy edible fruits having leathery aromatic rinds
---
Generate a natural ambiguous sentence using polysemous word 'citrus' once so that the sentence can be interpreted in more than one meaning.
In the generated sentence, the noun 'citrus' should be interpreted as 'any of numerous tropical usually thorny evergreen trees of the genus Citrus having leathery evergreen leaves and widely cultivated for their juicy edible fruits having leathery aromatic rinds'. However, the sentence should not imply any of the given definitions too strongly. The sentence should be natural and commonly used in daily life.
Suggest your final sentence in the format 'Generated Sentence: [your sentence]'. Do not include any explanation, and end your generation after providing the sentence."
12787,court,'act' is a hypernym of the specific sense of 'court'.,"{""n"": [""an assembly (including one or more judges) to conduct judicial business"", ""a room in which a lawcourt sits"", ""the sovereign and his advisers who are the governing power of a state"", ""a specially marked horizontal area within which a game is played"", ""Australian woman tennis player who won many major championships (born in 1947)"", ""the family and retinue of a sovereign or prince"", ""a hotel for motorists; provides direct access from rooms to parking area"", ""a tribunal that is presided over by a magistrate or by one or more judges who administer justice according to the laws"", ""the residence of a sovereign or nobleman"", ""an area wholly or partly surrounded by walls or buildings"", ""respectful deference""], ""v"": [""make amorous advances towards"", ""seek someone's favor"", ""engage in social activities leading to marriage""]}",image.9396.jpg,v,1.0,"the verb 'court' that can be interpreted as:
 1. make amorous advances towards
 2. seek someone's favor
 3. engage in social activities leading to marriage
---
Generate a natural ambiguous sentence using polysemous word 'court' once so that the sentence can be interpreted in more than one meaning.
In the generated sentence, the verb 'court' should be interpreted as 'make amorous advances towards'. However, the sentence should not imply any of the given definitions too strongly. The sentence should be natural and commonly used in daily life.
Suggest your final sentence in the format 'Generated Sentence: [your sentence]'. Do not include any explanation, and end your generation after providing the sentence."
12854,make,'persuade' is a hypernym of the specific sense of 'make'.,"{""n"": [""a recognizable kind"", ""the act of mixing cards haphazardly""], ""v"": [""engage in"", ""give certain properties to something"", ""make or cause to be or to become"", ""cause to do; cause to act in a specified manner"", ""give rise to; cause to happen or occur, not always intentionally"", ""create or manufacture a man-made product"", ""make, formulate, or derive in the mind"", ""compel or make somebody or something to act in a certain way"", ""create by artistic means"", ""earn on some commercial or business transaction; earn as salary or wages"", ""create or design, often in a certain way"", ""to compose or represent:"", ""reach a goal, e.g.,"", ""be or be capable of being changed or made into"", ""make by shaping or bringing together constituents"", ""perform or carry out"", ""make by combining materials and parts"", ""change from one form into another"", ""act in a certain way so as to acquire"", ""charge with a function; charge to be"", ""achieve a point or goal"", ""reach a destination, either real or abstract"", ""institute, enact, or establish"", ""carry out or commit"", ""form by assembling individuals or constituents"", ""organize or be responsible for"", ""put in order or neaten"", ""head into a specified direction"", ""have a bowel movement"", ""undergo fabrication or creation"", ""be suitable for"", ""add up to"", ""amount to"", ""constitute the essence of"", ""appear to begin an activity"", ""proceed along a path"", ""reach in time"", ""gather and light the materials for"", ""prepare for eating by applying heat"", ""induce to have sex"", ""assure the success of"", ""represent fictitiously, as in a play, or pretend to be or act like"", ""consider as being"", ""calculate as being"", ""cause to be enjoyable or pleasurable"", ""favor the development of"", ""develop into"", ""behave in a certain way"", ""eliminate urine""]}",image.9126.jpg,v,3.0,"the verb 'make' that can be interpreted as:
 1. engage in
 2. give certain properties to something
 3. make or cause to be or to become
 4. cause to do; cause to act in a specified manner
 5. give rise to; cause to happen or occur, not always intentionally
 6. create or manufacture a man-made product
 7. make, formulate, or derive in the mind
 8. compel or make somebody or something to act in a certain way
 9. create by artistic means
 10. earn on some commercial or business transaction; earn as salary or wages
 11. create or design, often in a certain way
 12. to compose or represent:
 13. reach a goal, e.g.,
 14. be or be capable of being changed or made into
 15. make by shaping or bringing together constituents
 16. perform or carry out
 17. make by combining materials and parts
 18. change from one form into another
 19. act in a certain way so as to acquire
 20. charge with a function; charge to be
 21. achieve a point or goal
 22. reach a destination, either real or abstract
 23. institute, enact, or establish
 24. carry out or commit
 25. form by assembling individuals or constituents
 26. organize or be responsible for
 27. put in order or neaten
 28. head into a specified direction
 29. have a bowel movement
 30. undergo fabrication or creation
 31. be suitable for
 32. add up to
 33. amount to
 34. constitute the essence of
 35. appear to begin an activity
 36. proceed along a path
 37. reach in time
 38. gather and light the materials for
 39. prepare for eating by applying heat
 40. induce to have sex
 41. assure the success of
 42. represent fictitiously, as in a play, or pretend to be or act like
 43. consider as being
 44. calculate as being
 45. cause to be enjoyable or pleasurable
 46. favor the development of
 47. develop into
 48. behave in a certain way
 49. eliminate urine
---
Generate a natural ambiguous sentence using polysemous word 'make' once so that the sentence can be interpreted in more than one meaning.
In the generated sentence, the verb 'make' should be interpreted as 'make or cause to be or to become'. However, the sentence should not imply any of the given definitions too strongly. The sentence should be natural and commonly used in daily life.
Suggest your final sentence in the format 'Generated Sentence: [your sentence]'. Do not include any explanation, and end your generation after providing the sentence."
